,Q_M,Q_h,num_chord,num_scale,num_diss,Q_s,Comp_M,RR_I,RR_D,H_I_norm,H_D_norm,Q_b,EMD_chord,EMD_scale,EMD_diss,Q_f,num_unison,num_stepwise,num_conjunct,num_disjunct
0,0.5183480759932513,0.8625,212,37,10,0.352029676246582,0.46071428571428574,0.10937170090187917,0.4699436763952893,0.36375941402301537,0.3563593041984404,0.8731086365362117,0.16907512328121052,0.09656103033558082,0.11375964102253018,-0.3583979328165374,79,32,50,97
1,0.31866982115819487,0.01041666666666663,40,76,76,0.7019077944426887,0.8958333333333334,1.0,1.0,0.30685281944005494,0.30685281944005516,0.537274644681619,0.6061820446128979,0.4598047194526616,0.3178421294867191,0.33333333333333337,191,0,0,0
2,0.5748036517043184,0.734375,120,136,0,0.704772377776022,0.91015625,1.0,1.0,0.3068528194400547,0.30685281944005494,0.3671625474122363,0.6061820446128979,0.4598047194526616,0.8333333333333334,0.33333333333333337,255,0,0,0
3,0.5801474017043183,0.75,80,80,0,0.7002411277760219,0.8875,1.0,1.0,0.3068528194400546,0.3068528194400547,0.3671625474122363,0.6061820446128979,0.4598047194526616,0.8333333333333334,0.33333333333333337,159,0,0,0
4,0.21366982115819486,-0.25,12,48,68,0.6977411277760218,0.875,1.0,1.0,0.3068528194400548,0.3068528194400545,0.537274644681619,0.6061820446128979,0.4598047194526616,0.3178421294867191,0.33333333333333337,127,0,0,0
5,0.5311698211581949,0.5416666666666667,88,80,24,0.7019077944426887,0.8958333333333334,1.0,1.0,0.30685281944005494,0.30685281944005516,0.537274644681619,0.6061820446128979,0.4598047194526616,0.3178421294867191,0.33333333333333337,191,0,0,0
6,0.14064020019187193,-0.3999999999999999,0,192,288,0.7098244611093552,0.9354166666666667,1.0,1.0,0.3068528194400545,0.3068528194400545,0.46004320651667097,0.8333333333333334,0.4598047194526616,0.3178421294867191,0.33333333333333337,479,0,0,0
7,0.5256341068724806,0.5267857142857143,108,84,32,0.7039911277760218,0.90625,1.0,1.0,0.3068528194400546,0.30685281944005427,0.537274644681619,0.6061820446128979,0.4598047194526616,0.3178421294867191,0.33333333333333337,223,0,0,0
8,0.6690224017043183,0.96875,300,20,0,0.7071161277760218,0.921875,1.0,1.0,0.3068528194400544,0.3068528194400544,0.3671625474122363,0.6061820446128979,0.4598047194526616,0.8333333333333334,0.33333333333333337,319,0,0,0
9,0.024433599308737175,-0.6666666666666667,64,0,320,0.7081577944426887,0.9270833333333334,1.0,1.0,0.30685281944005494,0.30685281944005494,0.41401020210099737,0.6061820446128979,0.8333333333333334,0.3178421294867191,0.33333333333333337,383,0,0,0
10,0.6261698211581949,0.78125,84,40,4,0.6977411277760218,0.875,1.0,1.0,0.3068528194400548,0.3068528194400545,0.537274644681619,0.6061820446128979,0.4598047194526616,0.3178421294867191,0.33333333333333337,127,0,0,0
11,0.4686698211581949,0.38541666666666663,76,76,40,0.7019077944426887,0.8958333333333334,1.0,1.0,0.30685281944005494,0.30685281944005516,0.537274644681619,0.6061820446128979,0.4598047194526616,0.3178421294867191,0.33333333333333337,191,0,0,0
12,0.03866982115819484,-0.6875,8,16,104,0.6977411277760218,0.875,1.0,1.0,0.3068528194400548,0.3068528194400545,0.537274644681619,0.6061820446128979,0.4598047194526616,0.3178421294867191,0.33333333333333337,127,0,0,0
13,0.4006341068724806,0.2142857142857143,100,48,76,0.7039911277760218,0.90625,1.0,1.0,0.3068528194400546,0.30685281944005427,0.537274644681619,0.6061820446128979,0.4598047194526616,0.3178421294867191,0.33333333333333337,223,0,0,0
14,-0.12517935499091912,-1.0,0,0,224,0.7039911277760218,0.90625,1.0,1.0,0.3068528194400546,0.30685281944005427,0.3367787639360492,0.8333333333333334,0.8333333333333334,0.3178421294867191,0.33333333333333337,223,0,0,0
15,0.5869510711581949,0.6796875,164,68,24,0.704772377776022,0.91015625,1.0,1.0,0.3068528194400547,0.30685281944005494,0.537274644681619,0.6061820446128979,0.4598047194526616,0.3178421294867191,0.33333333333333337,255,0,0,0
16,0.5478364878248615,0.5833333333333333,80,96,16,0.7019077944426887,0.8958333333333334,1.0,1.0,0.30685281944005494,0.30685281944005516,0.537274644681619,0.6061820446128979,0.4598047194526616,0.3178421294867191,0.33333333333333337,191,0,0,0
17,0.19783648782486152,-0.29166666666666674,20,64,108,0.7019077944426887,0.8958333333333334,1.0,1.0,0.30685281944005494,0.30685281944005516,0.537274644681619,0.6061820446128979,0.4598047194526616,0.3178421294867191,0.33333333333333337,191,0,0,0
18,0.40257607115819494,0.21875,96,80,80,0.704772377776022,0.91015625,1.0,1.0,0.3068528194400547,0.30685281944005494,0.537274644681619,0.6061820446128979,0.4598047194526616,0.3178421294867191,0.33333333333333337,255,0,0,0
19,0.5941698211581948,0.7,88,64,8,0.7002411277760219,0.8875,1.0,1.0,0.3068528194400546,0.3068528194400547,0.537274644681619,0.6061820446128979,0.4598047194526616,0.3178421294867191,0.33333333333333337,159,0,0,0
20,0.05423800297637671,-0.6534090909090908,28,44,280,0.7074002186851128,0.9232954545454546,1.0,1.0,0.30685281944005505,0.30685281944005427,0.537274644681619,0.6061820446128979,0.4598047194526616,0.3178421294867191,0.33333333333333337,351,0,0,0
21,0.10570107115819488,-0.5234375,16,60,180,0.704772377776022,0.91015625,1.0,1.0,0.3068528194400547,0.30685281944005494,0.537274644681619,0.6061820446128979,0.4598047194526616,0.3178421294867191,0.33333333333333337,255,0,0,0
22,0.595892043380417,0.7013888888888888,128,156,4,0.7060744611093551,0.9166666666666666,1.0,1.0,0.3068528194400544,0.3068528194400545,0.537274644681619,0.6061820446128979,0.4598047194526616,0.3178421294867191,0.33333333333333337,287,0,0,0
23,0.5805448211581948,0.6625,152,152,16,0.7071161277760218,0.921875,1.0,1.0,0.3068528194400544,0.3068528194400544,0.537274644681619,0.6061820446128979,0.4598047194526616,0.3178421294867191,0.33333333333333337,319,0,0,0
24,0.11507607115819488,-0.5,52,16,188,0.704772377776022,0.91015625,1.0,1.0,0.3068528194400547,0.30685281944005494,0.537274644681619,0.6061820446128979,0.4598047194526616,0.3178421294867191,0.33333333333333337,255,0,0,0
25,0.18416982115819489,-0.32499999999999996,24,40,96,0.7002411277760219,0.8875,1.0,1.0,0.3068528194400546,0.3068528194400547,0.537274644681619,0.6061820446128979,0.4598047194526616,0.3178421294867191,0.33333333333333337,159,0,0,0
26,0.5292055354439091,0.5357142857142857,124,64,36,0.7039911277760218,0.90625,1.0,1.0,0.3068528194400546,0.30685281944005427,0.537274644681619,0.6061820446128979,0.4598047194526616,0.3178421294867191,0.33333333333333337,223,0,0,0
27,0.606314068370985,0.8125,180,108,0,0.7060744611093551,0.9166666666666666,1.0,1.0,0.3068528194400544,0.3068528194400545,0.3671625474122363,0.6061820446128979,0.4598047194526616,0.8333333333333334,0.33333333333333337,287,0,0,0
28,0.5103364878248615,0.48958333333333337,80,84,28,0.7019077944426887,0.8958333333333334,1.0,1.0,0.30685281944005494,0.30685281944005516,0.537274644681619,0.6061820446128979,0.4598047194526616,0.3178421294867191,0.33333333333333337,191,0,0,0
29,-0.09910806735792954,-0.9750000000000001,4,0,316,0.7071161277760218,0.921875,1.0,1.0,0.3068528194400544,0.3068528194400544,0.41401020210099737,0.6061820446128979,0.8333333333333334,0.3178421294867191,0.33333333333333337,319,0,0,0
30,0.4860561847945585,0.42613636363636365,128,164,60,0.7074002186851128,0.9232954545454546,1.0,1.0,0.30685281944005505,0.30685281944005427,0.537274644681619,0.6061820446128979,0.4598047194526616,0.3178421294867191,0.33333333333333337,351,0,0,0
31,0.5320031544915282,0.5416666666666667,120,136,32,0.7060744611093551,0.9166666666666666,1.0,1.0,0.3068528194400544,0.3068528194400545,0.537274644681619,0.6061820446128979,0.4598047194526616,0.3178421294867191,0.33333333333333337,287,0,0,0
32,0.31195107115819487,-0.0078125,124,4,128,0.704772377776022,0.91015625,1.0,1.0,0.3068528194400547,0.30685281944005494,0.537274644681619,0.6061820446128979,0.4598047194526616,0.3178421294867191,0.33333333333333337,255,0,0,0
33,0.006169821158194866,-0.7708333333333333,16,8,168,0.7019077944426887,0.8958333333333334,1.0,1.0,0.30685281944005494,0.30685281944005516,0.537274644681619,0.6061820446128979,0.4598047194526616,0.3178421294867191,0.33333333333333337,191,0,0,0
34,0.10916982115819487,-0.5125,24,20,116,0.7002411277760219,0.8875,1.0,1.0,0.3068528194400546,0.3068528194400547,0.537274644681619,0.6061820446128979,0.4598047194526616,0.3178421294867191,0.33333333333333337,159,0,0,0
35,0.23605618479455848,-0.19886363636363646,108,44,200,0.7074002186851128,0.9232954545454546,1.0,1.0,0.30685281944005505,0.30685281944005427,0.537274644681619,0.6061820446128979,0.4598047194526616,0.3178421294867191,0.33333333333333337,351,0,0,0
36,0.1820031544915282,-0.33333333333333326,48,64,176,0.7060744611093551,0.9166666666666666,1.0,1.0,0.3068528194400544,0.3068528194400545,0.537274644681619,0.6061820446128979,0.4598047194526616,0.3178421294867191,0.33333333333333337,287,0,0,0
37,0.48950315449152826,0.4375,72,88,32,0.7019077944426887,0.8958333333333334,1.0,1.0,0.30685281944005494,0.30685281944005516,0.537274644681619,0.6061820446128979,0.4598047194526616,0.3178421294867191,0.33333333333333337,191,0,0,0
38,0.3932010711581949,0.1953125,60,124,72,0.704772377776022,0.91015625,1.0,1.0,0.3068528194400547,0.30685281944005494,0.537274644681619,0.6061820446128979,0.4598047194526616,0.3178421294867191,0.33333333333333337,255,0,0,0
39,0.5429807350376517,0.65625,60,132,0,0.7019077944426887,0.8958333333333334,1.0,1.0,0.30685281944005494,0.30685281944005516,0.3671625474122363,0.6061820446128979,0.4598047194526616,0.8333333333333334,0.33333333333333337,191,0,0,0
40,0.2291698211581949,-0.2124999999999999,24,52,84,0.7002411277760219,0.8875,1.0,1.0,0.3068528194400546,0.3068528194400547,0.537274644681619,0.6061820446128979,0.4598047194526616,0.3178421294867191,0.33333333333333337,159,0,0,0
41,0.010336487824861518,-0.7604166666666667,20,4,168,0.7019077944426887,0.8958333333333334,1.0,1.0,0.30685281944005494,0.30685281944005516,0.537274644681619,0.6061820446128979,0.4598047194526616,0.3178421294867191,0.33333333333333337,191,0,0,0
42,0.6463260711581948,0.828125,180,72,4,0.704772377776022,0.91015625,1.0,1.0,0.3068528194400547,0.30685281944005494,0.537274644681619,0.6061820446128979,0.4598047194526616,0.3178421294867191,0.33333333333333337,255,0,0,0
43,0.0436698211581949,-0.6770833333333333,16,20,156,0.7019077944426887,0.8958333333333334,1.0,1.0,0.30685281944005494,0.30685281944005516,0.537274644681619,0.6061820446128979,0.4598047194526616,0.3178421294867191,0.33333333333333337,191,0,0,0
44,-0.015830178841805154,-0.825,8,8,144,0.7002411277760219,0.8875,1.0,1.0,0.3068528194400546,0.3068528194400547,0.537274644681619,0.6061820446128979,0.4598047194526616,0.3178421294867191,0.33333333333333337,159,0,0,0
45,0.5588483925867663,0.6071428571428572,144,288,16,0.7093482706331647,0.9330357142857143,1.0,1.0,0.30685281944005516,0.3068528194400545,0.537274644681619,0.6061820446128979,0.4598047194526616,0.3178421294867191,0.33333333333333337,447,0,0,0
46,0.19060163934001306,-0.3125,76,60,216,0.7074002186851128,0.9232954545454546,1.0,1.0,0.30685281944005505,0.30685281944005427,0.537274644681619,0.6061820446128979,0.4598047194526616,0.3178421294867191,0.33333333333333337,351,0,0,0
47,0.5057010711581948,0.4765625,108,108,40,0.704772377776022,0.91015625,1.0,1.0,0.3068528194400547,0.30685281944005494,0.537274644681619,0.6061820446128979,0.4598047194526616,0.3178421294867191,0.33333333333333337,255,0,0,0
48,0.28533648782486154,-0.07291666666666674,80,12,100,0.7019077944426887,0.8958333333333334,1.0,1.0,0.30685281944005494,0.30685281944005516,0.537274644681619,0.6061820446128979,0.4598047194526616,0.3178421294867191,0.33333333333333337,191,0,0,0
49,0.3827769640153377,0.1696428571428571,92,52,80,0.7039911277760218,0.90625,1.0,1.0,0.3068528194400546,0.30685281944005427,0.537274644681619,0.6061820446128979,0.4598047194526616,0.3178421294867191,0.33333333333333337,223,0,0,0
50,-0.05627646647479473,-0.8875,0,12,148,0.7002411277760219,0.8875,1.0,1.0,0.3068528194400546,0.3068528194400547,0.46004320651667097,0.8333333333333334,0.4598047194526616,0.3178421294867191,0.33333333333333337,159,0,0,0
51,0.5091698211581949,0.48750000000000004,68,68,24,0.7002411277760219,0.8875,1.0,1.0,0.3068528194400546,0.3068528194400547,0.537274644681619,0.6061820446128979,0.4598047194526616,0.3178421294867191,0.33333333333333337,159,0,0,0
52,0.0853364878248615,-0.5729166666666667,20,28,144,0.7019077944426887,0.8958333333333334,1.0,1.0,0.30685281944005494,0.30685281944005516,0.537274644681619,0.6061820446128979,0.4598047194526616,0.3178421294867191,0.33333333333333337,191,0,0,0
53,0.543669821158195,0.5729166666666667,112,52,28,0.7019077944426887,0.8958333333333334,1.0,1.0,0.30685281944005494,0.30685281944005516,0.537274644681619,0.6061820446128979,0.4598047194526616,0.3178421294867191,0.33333333333333337,191,0,0,0
54,0.05422537671375044,-0.6527777777777777,32,24,232,0.7060744611093551,0.9166666666666666,1.0,1.0,0.3068528194400544,0.3068528194400545,0.537274644681619,0.6061820446128979,0.4598047194526616,0.3178421294867191,0.33333333333333337,287,0,0,0
55,0.3520031544915282,0.09375,48,76,68,0.7019077944426887,0.8958333333333334,1.0,1.0,0.30685281944005494,0.30685281944005516,0.537274644681619,0.6061820446128979,0.4598047194526616,0.3178421294867191,0.33333333333333337,191,0,0,0
56,0.12200315449152821,-0.484375,48,68,268,0.7081577944426887,0.9270833333333334,1.0,1.0,0.30685281944005494,0.30685281944005494,0.537274644681619,0.6061820446128979,0.4598047194526616,0.3178421294867191,0.33333333333333337,383,0,0,0
57,0.34947353352520527,0.125,0,168,56,0.7039911277760218,0.90625,1.0,1.0,0.3068528194400546,0.30685281944005427,0.46004320651667097,0.8333333333333334,0.4598047194526616,0.3178421294867191,0.33333333333333337,223,0,0,0
58,0.5811698211581949,0.6666666666666667,112,64,16,0.7019077944426887,0.8958333333333334,1.0,1.0,0.30685281944005494,0.30685281944005516,0.537274644681619,0.6061820446128979,0.4598047194526616,0.3178421294867191,0.33333333333333337,191,0,0,0
59,-0.1250231049909191,-1.0,0,0,256,0.704772377776022,0.91015625,1.0,1.0,0.3068528194400547,0.30685281944005494,0.3367787639360492,0.8333333333333334,0.8333333333333334,0.3178421294867191,0.33333333333333337,255,0,0,0
60,-0.1264293549909191,-1.0,0,0,128,0.6977411277760218,0.875,1.0,1.0,0.3068528194400548,0.3068528194400545,0.3367787639360492,0.8333333333333334,0.8333333333333334,0.3178421294867191,0.33333333333333337,127,0,0,0
61,0.3603364878248616,0.11458333333333337,80,36,76,0.7019077944426887,0.8958333333333334,1.0,1.0,0.30685281944005494,0.30685281944005516,0.537274644681619,0.6061820446128979,0.4598047194526616,0.3178421294867191,0.33333333333333337,191,0,0,0
62,0.5682010711581948,0.6328125,140,92,24,0.704772377776022,0.91015625,1.0,1.0,0.3068528194400547,0.30685281944005494,0.537274644681619,0.6061820446128979,0.4598047194526616,0.3178421294867191,0.33333333333333337,255,0,0,0
63,0.11416982115819485,-0.5,4,48,108,0.7002411277760219,0.8875,1.0,1.0,0.3068528194400546,0.3068528194400547,0.537274644681619,0.6061820446128979,0.4598047194526616,0.3178421294867191,0.33333333333333337,159,0,0,0
64,0.06063410687248055,-0.6383928571428572,24,76,348,0.7093482706331647,0.9330357142857143,1.0,1.0,0.30685281944005516,0.3068528194400545,0.537274644681619,0.6061820446128979,0.4598047194526616,0.3178421294867191,0.33333333333333337,447,0,0,0
65,0.6369510711581949,0.8046875,168,84,4,0.704772377776022,0.91015625,1.0,1.0,0.3068528194400547,0.30685281944005494,0.537274644681619,0.6061820446128979,0.4598047194526616,0.3178421294867191,0.33333333333333337,255,0,0,0
66,0.24416982115819483,-0.17500000000000004,24,56,80,0.7002411277760219,0.8875,1.0,1.0,0.3068528194400546,0.3068528194400547,0.537274644681619,0.6061820446128979,0.4598047194526616,0.3178421294867191,0.33333333333333337,159,0,0,0
67,0.5935536517043183,0.78125,144,112,0,0.704772377776022,0.91015625,1.0,1.0,0.3068528194400547,0.30685281944005494,0.3671625474122363,0.6061820446128979,0.4598047194526616,0.8333333333333334,0.33333333333333337,255,0,0,0
68,0.11991982115819486,-0.484375,12,28,88,0.6977411277760218,0.875,1.0,1.0,0.3068528194400548,0.3068528194400545,0.537274644681619,0.6061820446128979,0.4598047194526616,0.3178421294867191,0.33333333333333337,127,0,0,0
69,0.1436698211581949,-0.42708333333333326,40,20,132,0.7019077944426887,0.8958333333333334,1.0,1.0,0.30685281944005494,0.30685281944005516,0.537274644681619,0.6061820446128979,0.4598047194526616,0.3178421294867191,0.33333333333333337,191,0,0,0
70,-0.1264293549909191,-1.0,0,0,128,0.6977411277760218,0.875,1.0,1.0,0.3068528194400548,0.3068528194400545,0.3367787639360492,0.8333333333333334,0.8333333333333334,0.3178421294867191,0.33333333333333337,127,0,0,0
71,0.1061698211581949,-0.5208333333333333,16,40,136,0.7019077944426887,0.8958333333333334,1.0,1.0,0.30685281944005494,0.30685281944005516,0.537274644681619,0.6061820446128979,0.4598047194526616,0.3178421294867191,0.33333333333333337,191,0,0,0
72,0.1365568668585386,-0.40625,0,76,116,0.7019077944426887,0.8958333333333334,1.0,1.0,0.30685281944005494,0.30685281944005516,0.46004320651667097,0.8333333333333334,0.4598047194526616,0.3178421294867191,0.33333333333333337,191,0,0,0
73,0.16416982115819484,-0.375,32,24,104,0.7002411277760219,0.8875,1.0,1.0,0.3068528194400546,0.3068528194400547,0.537274644681619,0.6061820446128979,0.4598047194526616,0.3178421294867191,0.33333333333333337,159,0,0,0
74,-0.057669323617651924,-0.8928571428571428,0,16,208,0.7039911277760218,0.90625,1.0,1.0,0.3068528194400546,0.30685281944005427,0.46004320651667097,0.8333333333333334,0.4598047194526616,0.3178421294867191,0.33333333333333337,223,0,0,0
75,-0.12559602165758574,-1.0,0,0,192,0.7019077944426887,0.8958333333333334,1.0,1.0,0.30685281944005494,0.30685281944005516,0.3367787639360492,0.8333333333333334,0.8333333333333334,0.3178421294867191,0.33333333333333337,191,0,0,0
76,-0.09820528958015176,-0.9722222222222223,4,0,284,0.7060744611093551,0.9166666666666666,1.0,1.0,0.3068528194400544,0.3068528194400545,0.41401020210099737,0.6061820446128979,0.8333333333333334,0.3178421294867191,0.33333333333333337,287,0,0,0
77,-0.12559602165758574,-1.0,0,0,192,0.7019077944426887,0.8958333333333334,1.0,1.0,0.30685281944005494,0.30685281944005516,0.3367787639360492,0.8333333333333334,0.8333333333333334,0.3178421294867191,0.33333333333333337,191,0,0,0
78,0.5025760711581949,0.46875,116,96,44,0.704772377776022,0.91015625,1.0,1.0,0.3068528194400547,0.30685281944005494,0.537274644681619,0.6061820446128979,0.4598047194526616,0.3178421294867191,0.33333333333333337,255,0,0,0
79,0.6091698211581948,0.7375,100,52,8,0.7002411277760219,0.8875,1.0,1.0,0.3068528194400546,0.3068528194400547,0.537274644681619,0.6061820446128979,0.4598047194526616,0.3178421294867191,0.33333333333333337,159,0,0,0
80,0.4661329322531469,0.5,0,352,0,0.7074002186851128,0.9232954545454546,1.0,1.0,0.30685281944005505,0.30685281944005427,0.28993110924728827,0.8333333333333334,0.4598047194526616,0.8333333333333334,0.33333333333333337,351,0,0,0
81,0.3463260711581949,0.078125,84,72,100,0.704772377776022,0.91015625,1.0,1.0,0.3068528194400547,0.30685281944005494,0.537274644681619,0.6061820446128979,0.4598047194526616,0.3178421294867191,0.33333333333333337,255,0,0,0
82,0.6061698211581948,0.7291666666666667,112,72,8,0.7019077944426887,0.8958333333333334,1.0,1.0,0.30685281944005494,0.30685281944005516,0.537274644681619,0.6061820446128979,0.4598047194526616,0.3178421294867191,0.33333333333333337,191,0,0,0
83,0.12700315449152821,-0.46875,24,36,132,0.7019077944426887,0.8958333333333334,1.0,1.0,0.30685281944005494,0.30685281944005516,0.537274644681619,0.6061820446128979,0.4598047194526616,0.3178421294867191,0.33333333333333337,191,0,0,0
84,0.5555448211581948,0.6,100,208,12,0.7071161277760218,0.921875,1.0,1.0,0.3068528194400544,0.3068528194400544,0.537274644681619,0.6061820446128979,0.4598047194526616,0.3178421294867191,0.33333333333333337,319,0,0,0
85,0.5716786517043183,0.7265625,116,140,0,0.704772377776022,0.91015625,1.0,1.0,0.3068528194400547,0.30685281944005494,0.3671625474122363,0.6061820446128979,0.4598047194526616,0.8333333333333334,0.33333333333333337,255,0,0,0
86,0.5770031544915282,0.65625,108,68,16,0.7019077944426887,0.8958333333333334,1.0,1.0,0.30685281944005494,0.30685281944005516,0.537274644681619,0.6061820446128979,0.4598047194526616,0.3178421294867191,0.33333333333333337,191,0,0,0
87,0.5478364878248615,0.5833333333333333,92,80,20,0.7019077944426887,0.8958333333333334,1.0,1.0,0.30685281944005494,0.30685281944005516,0.537274644681619,0.6061820446128979,0.4598047194526616,0.3178421294867191,0.33333333333333337,191,0,0,0
88,0.1061698211581949,-0.5208333333333333,28,24,140,0.7019077944426887,0.8958333333333334,1.0,1.0,0.30685281944005494,0.30685281944005516,0.537274644681619,0.6061820446128979,0.4598047194526616,0.3178421294867191,0.33333333333333337,191,0,0,0
89,-0.045774623286249594,-0.9027777777777777,8,8,272,0.7060744611093551,0.9166666666666666,1.0,1.0,0.3068528194400544,0.3068528194400545,0.537274644681619,0.6061820446128979,0.4598047194526616,0.3178421294867191,0.33333333333333337,287,0,0,0
90,0.6025760711581949,0.71875,124,128,4,0.704772377776022,0.91015625,1.0,1.0,0.3068528194400547,0.30685281944005494,0.537274644681619,0.6061820446128979,0.4598047194526616,0.3178421294867191,0.33333333333333337,255,0,0,0
91,-0.1250231049909191,-1.0,0,0,256,0.704772377776022,0.91015625,1.0,1.0,0.3068528194400547,0.30685281944005494,0.3367787639360492,0.8333333333333334,0.8333333333333334,0.3178421294867191,0.33333333333333337,255,0,0,0
92,-0.024365893127519522,-0.8482142857142858,8,12,204,0.7039911277760218,0.90625,1.0,1.0,0.3068528194400546,0.30685281944005427,0.537274644681619,0.6061820446128979,0.4598047194526616,0.3178421294867191,0.33333333333333337,223,0,0,0
93,0.5858974017043184,0.765625,68,60,0,0.6977411277760218,0.875,1.0,1.0,0.3068528194400548,0.3068528194400545,0.3671625474122363,0.6061820446128979,0.4598047194526616,0.8333333333333334,0.33333333333333337,127,0,0,0
94,-0.0624014664747948,-0.90625,0,20,300,0.7071161277760218,0.921875,1.0,1.0,0.3068528194400544,0.3068528194400544,0.46004320651667097,0.8333333333333334,0.4598047194526616,0.3178421294867191,0.33333333333333337,319,0,0,0
95,0.2236698211581948,-0.22916666666666674,48,84,156,0.7060744611093551,0.9166666666666666,1.0,1.0,0.3068528194400544,0.3068528194400545,0.537274644681619,0.6061820446128979,0.4598047194526616,0.3178421294867191,0.33333333333333337,287,0,0,0
96,0.20759853352520527,-0.23124999999999996,0,164,156,0.7071161277760218,0.921875,1.0,1.0,0.3068528194400544,0.3068528194400544,0.46004320651667097,0.8333333333333334,0.4598047194526616,0.3178421294867191,0.33333333333333337,319,0,0,0
97,0.551089709396626,0.6730769230769231,144,272,0,0.7087988200837142,0.9302884615384616,1.0,1.0,0.30685281944005416,0.30685281944005494,0.3671625474122363,0.6061820446128979,0.4598047194526616,0.8333333333333334,0.33333333333333337,415,0,0,0
98,0.012806866858538574,-0.71875,0,72,312,0.7081577944426887,0.9270833333333334,1.0,1.0,0.30685281944005494,0.30685281944005494,0.46004320651667097,0.8333333333333334,0.4598047194526616,0.3178421294867191,0.33333333333333337,383,0,0,0
99,0.0811698211581949,-0.5833333333333333,28,16,148,0.7019077944426887,0.8958333333333334,1.0,1.0,0.30685281944005494,0.30685281944005516,0.537274644681619,0.6061820446128979,0.4598047194526616,0.3178421294867191,0.33333333333333337,191,0,0,0
100,0.33950315449152824,0.0625,60,56,76,0.7019077944426887,0.8958333333333334,1.0,1.0,0.30685281944005494,0.30685281944005516,0.537274644681619,0.6061820446128979,0.4598047194526616,0.3178421294867191,0.33333333333333337,191,0,0,0
101,0.5478364878248615,0.5833333333333333,92,80,20,0.7019077944426887,0.8958333333333334,1.0,1.0,0.30685281944005494,0.30685281944005516,0.537274644681619,0.6061820446128979,0.4598047194526616,0.3178421294867191,0.33333333333333337,191,0,0,0
102,0.11416982115819485,-0.5,28,16,116,0.7002411277760219,0.8875,1.0,1.0,0.3068528194400546,0.3068528194400547,0.537274644681619,0.6061820446128979,0.4598047194526616,0.3178421294867191,0.33333333333333337,159,0,0,0
103,0.44033648782486146,0.3125,108,108,72,0.7060744611093551,0.9166666666666666,1.0,1.0,0.3068528194400544,0.3068528194400545,0.537274644681619,0.6061820446128979,0.4598047194526616,0.3178421294867191,0.33333333333333337,287,0,0,0
104,0.5810536517043183,0.75,128,128,0,0.704772377776022,0.91015625,1.0,1.0,0.3068528194400547,0.30685281944005494,0.3671625474122363,0.6061820446128979,0.4598047194526616,0.8333333333333334,0.33333333333333337,255,0,0,0
105,0.5886698211581949,0.6875,96,16,16,0.6977411277760218,0.875,1.0,1.0,0.3068528194400548,0.3068528194400545,0.537274644681619,0.6061820446128979,0.4598047194526616,0.3178421294867191,0.33333333333333337,127,0,0,0
106,0.0853364878248615,-0.5729166666666667,32,12,148,0.7019077944426887,0.8958333333333334,1.0,1.0,0.30685281944005494,0.30685281944005516,0.537274644681619,0.6061820446128979,0.4598047194526616,0.3178421294867191,0.33333333333333337,191,0,0,0
107,0.18312737967905138,-0.29326923076923084,0,196,220,0.7087988200837142,0.9302884615384616,1.0,1.0,0.30685281944005416,0.30685281944005494,0.46004320651667097,0.8333333333333334,0.4598047194526616,0.3178421294867191,0.33333333333333337,415,0,0,0
108,0.5136698211581948,0.5,48,64,16,0.6977411277760218,0.875,1.0,1.0,0.3068528194400548,0.3068528194400545,0.537274644681619,0.6061820446128979,0.4598047194526616,0.3178421294867191,0.33333333333333337,127,0,0,0
109,0.5199198211581949,0.5104166666666667,128,216,40,0.7081577944426887,0.9270833333333334,1.0,1.0,0.30685281944005494,0.30685281944005494,0.537274644681619,0.6061820446128979,0.4598047194526616,0.3178421294867191,0.33333333333333337,383,0,0,0
110,0.36450315449152826,0.125,48,80,64,0.7019077944426887,0.8958333333333334,1.0,1.0,0.30685281944005494,0.30685281944005516,0.537274644681619,0.6061820446128979,0.4598047194526616,0.3178421294867191,0.33333333333333337,191,0,0,0
111,0.5868696239265405,0.7638888888888888,152,136,0,0.7060744611093551,0.9166666666666666,1.0,1.0,0.3068528194400544,0.3068528194400545,0.3671625474122363,0.6061820446128979,0.4598047194526616,0.8333333333333334,0.33333333333333337,287,0,0,0
112,0.6001474017043184,0.8,96,64,0,0.7002411277760219,0.8875,1.0,1.0,0.3068528194400546,0.3068528194400547,0.3671625474122363,0.6061820446128979,0.4598047194526616,0.8333333333333334,0.33333333333333337,159,0,0,0
113,0.5653364878248615,0.625,120,152,16,0.7060744611093551,0.9166666666666666,1.0,1.0,0.3068528194400544,0.3068528194400545,0.537274644681619,0.6061820446128979,0.4598047194526616,0.3178421294867191,0.33333333333333337,287,0,0,0
114,0.36916982115819486,0.13749999999999996,28,84,48,0.7002411277760219,0.8875,1.0,1.0,0.3068528194400546,0.3068528194400547,0.537274644681619,0.6061820446128979,0.4598047194526616,0.3178421294867191,0.33333333333333337,159,0,0,0
115,0.0520031544915282,-0.65625,12,28,152,0.7019077944426887,0.8958333333333334,1.0,1.0,0.30685281944005494,0.30685281944005516,0.537274644681619,0.6061820446128979,0.4598047194526616,0.3178421294867191,0.33333333333333337,191,0,0,0
116,0.08712978352520526,-0.53125,0,80,176,0.704772377776022,0.91015625,1.0,1.0,0.3068528194400547,0.30685281944005494,0.46004320651667097,0.8333333333333334,0.4598047194526616,0.3178421294867191,0.33333333333333337,255,0,0,0
117,0.5191698211581949,0.5125,88,44,28,0.7002411277760219,0.8875,1.0,1.0,0.3068528194400546,0.3068528194400547,0.537274644681619,0.6061820446128979,0.4598047194526616,0.3178421294867191,0.33333333333333337,159,0,0,0
118,-0.1247626883242525,-1.0,0,0,288,0.7060744611093551,0.9166666666666666,1.0,1.0,0.3068528194400544,0.3068528194400545,0.3367787639360492,0.8333333333333334,0.8333333333333334,0.3178421294867191,0.33333333333333337,287,0,0,0
119,0.5228364878248615,0.5208333333333333,80,88,24,0.7019077944426887,0.8958333333333334,1.0,1.0,0.30685281944005494,0.30685281944005516,0.537274644681619,0.6061820446128979,0.4598047194526616,0.3178421294867191,0.33333333333333337,191,0,0,0
120,0.6523259731328898,0.9285714285714286,192,32,0,0.7039911277760218,0.90625,1.0,1.0,0.3068528194400546,0.30685281944005427,0.3671625474122363,0.6061820446128979,0.4598047194526616,0.8333333333333334,0.33333333333333337,223,0,0,0
121,-0.09348306735792941,-0.9583333333333333,4,0,188,0.7019077944426887,0.8958333333333334,1.0,1.0,0.30685281944005494,0.30685281944005516,0.41401020210099737,0.6061820446128979,0.8333333333333334,0.3178421294867191,0.33333333333333337,191,0,0,0
122,0.46780443654281023,0.3798076923076923,176,148,92,0.7087988200837142,0.9302884615384616,1.0,1.0,0.30685281944005416,0.30685281944005494,0.537274644681619,0.6061820446128979,0.4598047194526616,0.3178421294867191,0.33333333333333337,415,0,0,0
123,0.3520031544915282,0.09375,72,44,76,0.7019077944426887,0.8958333333333334,1.0,1.0,0.30685281944005494,0.30685281944005516,0.537274644681619,0.6061820446128979,0.4598047194526616,0.3178421294867191,0.33333333333333337,191,0,0,0
124,0.5353364878248615,0.5520833333333333,92,76,24,0.7019077944426887,0.8958333333333334,1.0,1.0,0.30685281944005494,0.30685281944005516,0.537274644681619,0.6061820446128979,0.4598047194526616,0.3178421294867191,0.33333333333333337,191,0,0,0
125,0.3228364878248615,0.02083333333333337,56,56,80,0.7019077944426887,0.8958333333333334,1.0,1.0,0.30685281944005494,0.30685281944005516,0.537274644681619,0.6061820446128979,0.4598047194526616,0.3178421294867191,0.33333333333333337,191,0,0,0
126,0.2811698211581949,-0.08333333333333326,40,64,88,0.7019077944426887,0.8958333333333334,1.0,1.0,0.30685281944005494,0.30685281944005516,0.537274644681619,0.6061820446128979,0.4598047194526616,0.3178421294867191,0.33333333333333337,191,0,0,0
127,0.5061698211581949,0.47916666666666663,64,104,24,0.7019077944426887,0.8958333333333334,1.0,1.0,0.30685281944005494,0.30685281944005516,0.537274644681619,0.6061820446128979,0.4598047194526616,0.3178421294867191,0.33333333333333337,191,0,0,0
128,0.3128364878248615,0.0,24,32,40,0.6935744611093552,0.8541666666666666,1.0,1.0,0.3068528194400544,0.3068528194400548,0.537274644681619,0.6061820446128979,0.4598047194526616,0.3178421294867191,0.33333333333333337,95,0,0,0
129,0.5340224017043184,0.63125,84,236,0,0.7071161277760218,0.921875,1.0,1.0,0.3068528194400544,0.3068528194400544,0.3671625474122363,0.6061820446128979,0.4598047194526616,0.8333333333333334,0.33333333333333337,319,0,0,0
130,0.3201470938854676,0.011363636363636354,148,40,164,0.7074002186851128,0.9232954545454546,1.0,1.0,0.30685281944005505,0.30685281944005427,0.537274644681619,0.6061820446128979,0.4598047194526616,0.3178421294867191,0.33333333333333337,351,0,0,0
131,0.47054482115819485,0.38749999999999996,108,152,60,0.7071161277760218,0.921875,1.0,1.0,0.3068528194400544,0.3068528194400544,0.537274644681619,0.6061820446128979,0.4598047194526616,0.3178421294867191,0.33333333333333337,319,0,0,0
132,0.35616982115819484,0.10416666666666663,40,88,64,0.7019077944426887,0.8958333333333334,1.0,1.0,0.30685281944005494,0.30685281944005516,0.537274644681619,0.6061820446128979,0.4598047194526616,0.3178421294867191,0.33333333333333337,191,0,0,0
133,0.30422537671375044,-0.02777777777777768,80,80,128,0.7060744611093551,0.9166666666666666,1.0,1.0,0.3068528194400544,0.3068528194400545,0.537274644681619,0.6061820446128979,0.4598047194526616,0.3178421294867191,0.33333333333333337,287,0,0,0
134,0.05009853352520524,-0.625,0,80,240,0.7071161277760218,0.921875,1.0,1.0,0.3068528194400544,0.3068528194400544,0.46004320651667097,0.8333333333333334,0.4598047194526616,0.3178421294867191,0.33333333333333337,319,0,0,0
135,-0.05376084513570731,-0.8611111111111112,20,0,268,0.7060744611093551,0.9166666666666666,1.0,1.0,0.3068528194400544,0.3068528194400545,0.41401020210099737,0.6061820446128979,0.8333333333333334,0.3178421294867191,0.33333333333333337,287,0,0,0
136,0.48950315449152826,0.4375,84,72,36,0.7019077944426887,0.8958333333333334,1.0,1.0,0.30685281944005494,0.30685281944005516,0.537274644681619,0.6061820446128979,0.4598047194526616,0.3178421294867191,0.33333333333333337,191,0,0,0
137,0.628814068370985,0.875,72,24,0,0.6935744611093552,0.8541666666666666,1.0,1.0,0.3068528194400544,0.3068528194400548,0.3671625474122363,0.6061820446128979,0.4598047194526616,0.8333333333333334,0.33333333333333337,95,0,0,0
138,0.49969254843092215,0.4602272727272727,212,60,80,0.7074002186851128,0.9232954545454546,1.0,1.0,0.30685281944005505,0.30685281944005427,0.537274644681619,0.6061820446128979,0.4598047194526616,0.3178421294867191,0.33333333333333337,351,0,0,0
139,0.1936698211581949,-0.30208333333333326,28,52,112,0.7019077944426887,0.8958333333333334,1.0,1.0,0.30685281944005494,0.30685281944005516,0.537274644681619,0.6061820446128979,0.4598047194526616,0.3178421294867191,0.33333333333333337,191,0,0,0
140,0.4824198211581948,0.41666666666666663,152,160,72,0.7081577944426887,0.9270833333333334,1.0,1.0,0.30685281944005494,0.30685281944005494,0.537274644681619,0.6061820446128979,0.4598047194526616,0.3178421294867191,0.33333333333333337,383,0,0,0
141,0.3978364878248616,0.20833333333333337,68,64,60,0.7019077944426887,0.8958333333333334,1.0,1.0,0.30685281944005494,0.30685281944005516,0.537274644681619,0.6061820446128979,0.4598047194526616,0.3178421294867191,0.33333333333333337,191,0,0,0
142,0.1428743666127403,-0.4318181818181819,64,48,240,0.7074002186851128,0.9232954545454546,1.0,1.0,0.30685281944005505,0.30685281944005427,0.537274644681619,0.6061820446128979,0.4598047194526616,0.3178421294867191,0.33333333333333337,351,0,0,0
143,0.38950315449152817,0.1875,48,88,56,0.7019077944426887,0.8958333333333334,1.0,1.0,0.30685281944005494,0.30685281944005516,0.537274644681619,0.6061820446128979,0.4598047194526616,0.3178421294867191,0.33333333333333337,191,0,0,0
144,-0.12559602165758574,-1.0,0,0,192,0.7019077944426887,0.8958333333333334,1.0,1.0,0.30685281944005494,0.30685281944005516,0.3367787639360492,0.8333333333333334,0.8333333333333334,0.3178421294867191,0.33333333333333337,191,0,0,0
145,0.5685536517043184,0.71875,112,144,0,0.704772377776022,0.91015625,1.0,1.0,0.3068528194400547,0.30685281944005494,0.3671625474122363,0.6061820446128979,0.4598047194526616,0.8333333333333334,0.33333333333333337,255,0,0,0
146,0.5338260711581949,0.546875,132,88,36,0.704772377776022,0.91015625,1.0,1.0,0.3068528194400547,0.30685281944005494,0.537274644681619,0.6061820446128979,0.4598047194526616,0.3178421294867191,0.33333333333333337,255,0,0,0
147,0.5875587100470837,0.6805555555555556,152,120,16,0.7060744611093551,0.9166666666666666,1.0,1.0,0.3068528194400544,0.3068528194400545,0.537274644681619,0.6061820446128979,0.4598047194526616,0.3178421294867191,0.33333333333333337,287,0,0,0
148,0.5728364878248615,0.6458333333333333,104,72,16,0.7019077944426887,0.8958333333333334,1.0,1.0,0.30685281944005494,0.30685281944005516,0.537274644681619,0.6061820446128979,0.4598047194526616,0.3178421294867191,0.33333333333333337,191,0,0,0
149,0.46450315449152824,0.375,84,64,44,0.7019077944426887,0.8958333333333334,1.0,1.0,0.30685281944005494,0.30685281944005516,0.537274644681619,0.6061820446128979,0.4598047194526616,0.3178421294867191,0.33333333333333337,191,0,0,0
150,-0.09544735307221516,-0.9642857142857142,4,0,220,0.7039911277760218,0.90625,1.0,1.0,0.3068528194400546,0.30685281944005427,0.41401020210099737,0.6061820446128979,0.8333333333333334,0.3178421294867191,0.33333333333333337,223,0,0,0
151,0.0011698211581948614,-0.78125,8,8,112,0.6977411277760218,0.875,1.0,1.0,0.3068528194400548,0.3068528194400545,0.537274644681619,0.6061820446128979,0.4598047194526616,0.3178421294867191,0.33333333333333337,127,0,0,0
152,0.12132607115819488,-0.484375,12,72,172,0.704772377776022,0.91015625,1.0,1.0,0.3068528194400547,0.30685281944005494,0.537274644681619,0.6061820446128979,0.4598047194526616,0.3178421294867191,0.33333333333333337,255,0,0,0
153,0.5435536517043184,0.65625,80,176,0,0.704772377776022,0.91015625,1.0,1.0,0.3068528194400547,0.30685281944005494,0.3671625474122363,0.6061820446128979,0.4598047194526616,0.8333333333333334,0.33333333333333337,255,0,0,0
154,-0.03632397644883853,-0.8181818181818181,32,0,320,0.7074002186851128,0.9232954545454546,1.0,1.0,0.30685281944005505,0.30685281944005427,0.41401020210099737,0.6061820446128979,0.8333333333333334,0.3178421294867191,0.33333333333333337,351,0,0,0
155,0.5458920433804171,0.5763888888888888,176,68,44,0.7060744611093551,0.9166666666666666,1.0,1.0,0.3068528194400544,0.3068528194400545,0.537274644681619,0.6061820446128979,0.4598047194526616,0.3178421294867191,0.33333333333333337,287,0,0,0
156,0.4307010711581949,0.2890625,108,76,72,0.704772377776022,0.91015625,1.0,1.0,0.3068528194400547,0.30685281944005494,0.537274644681619,0.6061820446128979,0.4598047194526616,0.3178421294867191,0.33333333333333337,255,0,0,0
157,0.5817307350376517,0.75,192,192,0,0.7081577944426887,0.9270833333333334,1.0,1.0,0.30685281944005494,0.30685281944005494,0.3671625474122363,0.6061820446128979,0.4598047194526616,0.8333333333333334,0.33333333333333337,383,0,0,0
158,-0.0759431331414614,-0.9375,0,8,184,0.7019077944426887,0.8958333333333334,1.0,1.0,0.30685281944005494,0.30685281944005516,0.46004320651667097,0.8333333333333334,0.4598047194526616,0.3178421294867191,0.33333333333333337,191,0,0,0
159,0.2436698211581949,-0.17708333333333326,52,36,104,0.7019077944426887,0.8958333333333334,1.0,1.0,0.30685281944005494,0.30685281944005516,0.537274644681619,0.6061820446128979,0.4598047194526616,0.3178421294867191,0.33333333333333337,191,0,0,0
160,0.5808974017043184,0.75,112,112,0,0.7039911277760218,0.90625,1.0,1.0,0.3068528194400546,0.30685281944005427,0.3671625474122363,0.6061820446128979,0.4598047194526616,0.8333333333333334,0.33333333333333337,223,0,0,0
161,0.036556866858538595,-0.65625,0,44,148,0.7019077944426887,0.8958333333333334,1.0,1.0,0.30685281944005494,0.30685281944005516,0.46004320651667097,0.8333333333333334,0.4598047194526616,0.3178421294867191,0.33333333333333337,191,0,0,0
162,0.4463260711581949,0.328125,116,72,68,0.704772377776022,0.91015625,1.0,1.0,0.3068528194400547,0.30685281944005494,0.537274644681619,0.6061820446128979,0.4598047194526616,0.3178421294867191,0.33333333333333337,255,0,0,0
163,0.19872353352520525,-0.25,0,80,80,0.7002411277760219,0.8875,1.0,1.0,0.3068528194400546,0.3068528194400547,0.46004320651667097,0.8333333333333334,0.4598047194526616,0.3178421294867191,0.33333333333333337,159,0,0,0
164,0.1436698211581949,-0.42708333333333326,28,36,128,0.7019077944426887,0.8958333333333334,1.0,1.0,0.30685281944005494,0.30685281944005516,0.537274644681619,0.6061820446128979,0.4598047194526616,0.3178421294867191,0.33333333333333337,191,0,0,0
165,0.5941698211581948,0.7,76,80,4,0.7002411277760219,0.8875,1.0,1.0,0.3068528194400546,0.3068528194400547,0.537274644681619,0.6061820446128979,0.4598047194526616,0.3178421294867191,0.33333333333333337,159,0,0,0
166,0.5765224017043183,0.7375,152,168,0,0.7071161277760218,0.921875,1.0,1.0,0.3068528194400544,0.3068528194400544,0.3671625474122363,0.6061820446128979,0.4598047194526616,0.8333333333333334,0.33333333333333337,319,0,0,0
167,0.5686698211581949,0.6354166666666667,112,60,20,0.7019077944426887,0.8958333333333334,1.0,1.0,0.30685281944005494,0.30685281944005516,0.537274644681619,0.6061820446128979,0.4598047194526616,0.3178421294867191,0.33333333333333337,191,0,0,0
168,0.5591698211581949,0.6125,72,76,12,0.7002411277760219,0.8875,1.0,1.0,0.3068528194400546,0.3068528194400547,0.537274644681619,0.6061820446128979,0.4598047194526616,0.3178421294867191,0.33333333333333337,159,0,0,0
169,0.3155448211581948,0.0,28,176,116,0.7071161277760218,0.921875,1.0,1.0,0.3068528194400544,0.3068528194400544,0.537274644681619,0.6061820446128979,0.4598047194526616,0.3178421294867191,0.33333333333333337,319,0,0,0
170,0.06033648782486151,-0.6354166666666667,20,20,152,0.7019077944426887,0.8958333333333334,1.0,1.0,0.30685281944005494,0.30685281944005516,0.537274644681619,0.6061820446128979,0.4598047194526616,0.3178421294867191,0.33333333333333337,191,0,0,0
171,0.08916982115819486,-0.5625,8,36,116,0.7002411277760219,0.8875,1.0,1.0,0.3068528194400546,0.3068528194400547,0.537274644681619,0.6061820446128979,0.4598047194526616,0.3178421294867191,0.33333333333333337,159,0,0,0
172,0.12445107115819487,-0.4765625,16,68,172,0.704772377776022,0.91015625,1.0,1.0,0.3068528194400547,0.30685281944005494,0.537274644681619,0.6061820446128979,0.4598047194526616,0.3178421294867191,0.33333333333333337,255,0,0,0
173,0.1520031544915282,-0.40625,36,28,128,0.7019077944426887,0.8958333333333334,1.0,1.0,0.30685281944005494,0.30685281944005516,0.537274644681619,0.6061820446128979,0.4598047194526616,0.3178421294867191,0.33333333333333337,191,0,0,0
174,0.46991982115819486,0.390625,44,60,24,0.6977411277760218,0.875,1.0,1.0,0.3068528194400548,0.3068528194400545,0.537274644681619,0.6061820446128979,0.4598047194526616,0.3178421294867191,0.33333333333333337,127,0,0,0
175,0.5295031544915282,0.5416666666666667,56,24,16,0.6935744611093552,0.8541666666666666,1.0,1.0,0.3068528194400544,0.3068528194400548,0.537274644681619,0.6061820446128979,0.4598047194526616,0.3178421294867191,0.33333333333333337,95,0,0,0
176,0.002576071158194887,-0.78125,16,16,224,0.704772377776022,0.91015625,1.0,1.0,0.3068528194400547,0.30685281944005494,0.537274644681619,0.6061820446128979,0.4598047194526616,0.3178421294867191,0.33333333333333337,255,0,0,0
177,0.05616982115819491,-0.6458333333333333,16,24,152,0.7019077944426887,0.8958333333333334,1.0,1.0,0.30685281944005494,0.30685281944005516,0.537274644681619,0.6061820446128979,0.4598047194526616,0.3178421294867191,0.33333333333333337,191,0,0,0
178,0.05616982115819491,-0.6458333333333333,16,24,152,0.7019077944426887,0.8958333333333334,1.0,1.0,0.30685281944005494,0.30685281944005516,0.537274644681619,0.6061820446128979,0.4598047194526616,0.3178421294867191,0.33333333333333337,191,0,0,0
179,0.5311698211581949,0.5416666666666667,112,48,32,0.7019077944426887,0.8958333333333334,1.0,1.0,0.30685281944005494,0.30685281944005516,0.537274644681619,0.6061820446128979,0.4598047194526616,0.3178421294867191,0.33333333333333337,191,0,0,0
180,0.1256341068724805,-0.4732142857142858,44,20,160,0.7039911277760218,0.90625,1.0,1.0,0.3068528194400546,0.30685281944005427,0.537274644681619,0.6061820446128979,0.4598047194526616,0.3178421294867191,0.33333333333333337,223,0,0,0
181,-0.12455435499091913,-1.0,0,0,320,0.7071161277760218,0.921875,1.0,1.0,0.3068528194400544,0.3068528194400544,0.3367787639360492,0.8333333333333334,0.8333333333333334,0.3178421294867191,0.33333333333333337,319,0,0,0
182,0.5240224017043184,0.60625,68,252,0,0.7071161277760218,0.921875,1.0,1.0,0.3068528194400544,0.3068528194400544,0.3671625474122363,0.6061820446128979,0.4598047194526616,0.8333333333333334,0.33333333333333337,319,0,0,0
183,0.5320031544915282,0.5416666666666667,72,200,16,0.7060744611093551,0.9166666666666666,1.0,1.0,0.3068528194400544,0.3068528194400545,0.537274644681619,0.6061820446128979,0.4598047194526616,0.3178421294867191,0.33333333333333337,287,0,0,0
184,0.36450315449152826,0.125,60,64,68,0.7019077944426887,0.8958333333333334,1.0,1.0,0.30685281944005494,0.30685281944005516,0.537274644681619,0.6061820446128979,0.4598047194526616,0.3178421294867191,0.33333333333333337,191,0,0,0
185,0.5728364878248615,0.6458333333333333,116,56,20,0.7019077944426887,0.8958333333333334,1.0,1.0,0.30685281944005494,0.30685281944005516,0.537274644681619,0.6061820446128979,0.4598047194526616,0.3178421294867191,0.33333333333333337,191,0,0,0
186,0.5395031544915282,0.5625,96,72,24,0.7019077944426887,0.8958333333333334,1.0,1.0,0.30685281944005494,0.30685281944005516,0.537274644681619,0.6061820446128979,0.4598047194526616,0.3178421294867191,0.33333333333333337,191,0,0,0
187,0.5986698211581948,0.7083333333333333,168,104,16,0.7060744611093551,0.9166666666666666,1.0,1.0,0.3068528194400544,0.3068528194400545,0.537274644681619,0.6061820446128979,0.4598047194526616,0.3178421294867191,0.33333333333333337,287,0,0,0
188,0.4684912497296234,0.3839285714285714,68,116,40,0.7039911277760218,0.90625,1.0,1.0,0.3068528194400546,0.30685281944005427,0.537274644681619,0.6061820446128979,0.4598047194526616,0.3178421294867191,0.33333333333333337,223,0,0,0
189,0.1436698211581949,-0.42708333333333326,40,20,132,0.7019077944426887,0.8958333333333334,1.0,1.0,0.30685281944005494,0.30685281944005516,0.537274644681619,0.6061820446128979,0.4598047194526616,0.3178421294867191,0.33333333333333337,191,0,0,0
190,0.05651073024910397,-0.6477272727272727,32,40,280,0.7074002186851128,0.9232954545454546,1.0,1.0,0.30685281944005505,0.30685281944005427,0.537274644681619,0.6061820446128979,0.4598047194526616,0.3178421294867191,0.33333333333333337,351,0,0,0
191,0.5860561847945585,0.6761363636363636,172,164,16,0.7074002186851128,0.9232954545454546,1.0,1.0,0.30685281944005505,0.30685281944005427,0.537274644681619,0.6061820446128979,0.4598047194526616,0.3178421294867191,0.33333333333333337,351,0,0,0
192,0.19783648782486152,-0.29166666666666674,32,48,112,0.7019077944426887,0.8958333333333334,1.0,1.0,0.30685281944005494,0.30685281944005516,0.537274644681619,0.6061820446128979,0.4598047194526616,0.3178421294867191,0.33333333333333337,191,0,0,0
193,0.42700315449152826,0.28125,60,84,48,0.7019077944426887,0.8958333333333334,1.0,1.0,0.30685281944005494,0.30685281944005516,0.537274644681619,0.6061820446128979,0.4598047194526616,0.3178421294867191,0.33333333333333337,191,0,0,0
194,0.5015224017043184,0.55,32,288,0,0.7071161277760218,0.921875,1.0,1.0,0.3068528194400544,0.3068528194400544,0.3671625474122363,0.6061820446128979,0.4598047194526616,0.8333333333333334,0.33333333333333337,319,0,0,0
195,-0.12726268832425244,-1.0,0,0,96,0.6935744611093552,0.8541666666666666,1.0,1.0,0.3068528194400544,0.3068528194400548,0.3367787639360492,0.8333333333333334,0.8333333333333334,0.3178421294867191,0.33333333333333337,95,0,0,0
196,0.029700806252478007,-0.6761363636363635,0,76,276,0.7074002186851128,0.9232954545454546,1.0,1.0,0.30685281944005505,0.30685281944005427,0.46004320651667097,0.8333333333333334,0.4598047194526616,0.3178421294867191,0.33333333333333337,351,0,0,0
197,0.6257585128154295,0.8611111111111112,208,80,0,0.7060744611093551,0.9166666666666666,1.0,1.0,0.3068528194400544,0.3068528194400545,0.3671625474122363,0.6061820446128979,0.4598047194526616,0.8333333333333334,0.33333333333333337,287,0,0,0
198,0.5353364878248615,0.5520833333333333,80,92,20,0.7019077944426887,0.8958333333333334,1.0,1.0,0.30685281944005494,0.30685281944005516,0.537274644681619,0.6061820446128979,0.4598047194526616,0.3178421294867191,0.33333333333333337,191,0,0,0
199,0.2990864878248615,-0.04166666666666674,160,32,192,0.7081577944426887,0.9270833333333334,1.0,1.0,0.30685281944005494,0.30685281944005494,0.537274644681619,0.6061820446128979,0.4598047194526616,0.3178421294867191,0.33333333333333337,383,0,0,0
200,0.09783648782486151,-0.5416666666666667,32,16,144,0.7019077944426887,0.8958333333333334,1.0,1.0,0.30685281944005494,0.30685281944005516,0.537274644681619,0.6061820446128979,0.4598047194526616,0.3178421294867191,0.33333333333333337,191,0,0,0
201,0.2199198211581949,-0.23958333333333326,32,152,200,0.7081577944426887,0.9270833333333334,1.0,1.0,0.30685281944005494,0.30685281944005494,0.537274644681619,0.6061820446128979,0.4598047194526616,0.3178421294867191,0.33333333333333337,383,0,0,0
202,0.46450315449152824,0.375,48,112,32,0.7019077944426887,0.8958333333333334,1.0,1.0,0.30685281944005494,0.30685281944005516,0.537274644681619,0.6061820446128979,0.4598047194526616,0.3178421294867191,0.33333333333333337,191,0,0,0
203,0.5182010711581949,0.5078125,124,92,40,0.704772377776022,0.91015625,1.0,1.0,0.3068528194400547,0.30685281944005494,0.537274644681619,0.6061820446128979,0.4598047194526616,0.3178421294867191,0.33333333333333337,255,0,0,0
204,0.48916982115819485,0.4375,76,52,32,0.7002411277760219,0.8875,1.0,1.0,0.3068528194400546,0.3068528194400547,0.537274644681619,0.6061820446128979,0.4598047194526616,0.3178421294867191,0.33333333333333337,159,0,0,0
205,0.1686698211581949,-0.36458333333333326,16,60,116,0.7019077944426887,0.8958333333333334,1.0,1.0,0.30685281944005494,0.30685281944005516,0.537274644681619,0.6061820446128979,0.4598047194526616,0.3178421294867191,0.33333333333333337,191,0,0,0
206,-0.1264293549909191,-1.0,0,0,128,0.6977411277760218,0.875,1.0,1.0,0.3068528194400548,0.3068528194400545,0.3367787639360492,0.8333333333333334,0.8333333333333334,0.3178421294867191,0.33333333333333337,127,0,0,0
207,0.004552646927784815,-0.7142857142857142,32,0,192,0.7039911277760218,0.90625,1.0,1.0,0.3068528194400546,0.30685281944005427,0.41401020210099737,0.6061820446128979,0.8333333333333334,0.3178421294867191,0.33333333333333337,223,0,0,0
208,0.5561698211581949,0.6041666666666667,88,88,16,0.7019077944426887,0.8958333333333334,1.0,1.0,0.30685281944005494,0.30685281944005516,0.537274644681619,0.6061820446128979,0.4598047194526616,0.3178421294867191,0.33333333333333337,191,0,0,0
209,0.618221478096616,0.8181818181818181,320,0,32,0.7074002186851128,0.9232954545454546,1.0,1.0,0.30685281944005505,0.30685281944005427,0.41401020210099737,0.6061820446128979,0.8333333333333334,0.3178421294867191,0.33333333333333337,351,0,0,0
210,0.5603364878248616,0.6145833333333333,104,68,20,0.7019077944426887,0.8958333333333334,1.0,1.0,0.30685281944005494,0.30685281944005516,0.537274644681619,0.6061820446128979,0.4598047194526616,0.3178421294867191,0.33333333333333337,191,0,0,0
211,0.3060864878248616,-0.02499999999999991,72,216,192,0.7098244611093552,0.9354166666666667,1.0,1.0,0.3068528194400545,0.3068528194400545,0.537274644681619,0.6061820446128979,0.4598047194526616,0.3178421294867191,0.33333333333333337,479,0,0,0
212,0.16072353352520524,-0.34375,0,56,72,0.6977411277760218,0.875,1.0,1.0,0.3068528194400548,0.3068528194400545,0.46004320651667097,0.8333333333333334,0.4598047194526616,0.3178421294867191,0.33333333333333337,127,0,0,0
213,0.5320031544915282,0.5416666666666667,168,72,48,0.7060744611093551,0.9166666666666666,1.0,1.0,0.3068528194400544,0.3068528194400545,0.537274644681619,0.6061820446128979,0.4598047194526616,0.3178421294867191,0.33333333333333337,287,0,0,0
214,0.21491982115819483,-0.25,36,64,124,0.7039911277760218,0.90625,1.0,1.0,0.3068528194400546,0.30685281944005427,0.537274644681619,0.6061820446128979,0.4598047194526616,0.3178421294867191,0.33333333333333337,223,0,0,0
215,0.4886698211581949,0.4375,56,48,24,0.6977411277760218,0.875,1.0,1.0,0.3068528194400548,0.3068528194400545,0.537274644681619,0.6061820446128979,0.4598047194526616,0.3178421294867191,0.33333333333333337,127,0,0,0
216,0.4228364878248616,0.27083333333333337,80,56,56,0.7019077944426887,0.8958333333333334,1.0,1.0,0.30685281944005494,0.30685281944005516,0.537274644681619,0.6061820446128979,0.4598047194526616,0.3178421294867191,0.33333333333333337,191,0,0,0
217,0.5561698211581949,0.6041666666666667,64,120,8,0.7019077944426887,0.8958333333333334,1.0,1.0,0.30685281944005494,0.30685281944005516,0.537274644681619,0.6061820446128979,0.4598047194526616,0.3178421294867191,0.33333333333333337,191,0,0,0
218,0.0065169326420705664,-0.7083333333333333,28,0,164,0.7019077944426887,0.8958333333333334,1.0,1.0,0.30685281944005494,0.30685281944005516,0.41401020210099737,0.6061820446128979,0.8333333333333334,0.3178421294867191,0.33333333333333337,191,0,0,0
219,0.029503154491528183,-0.7083333333333333,8,8,80,0.6935744611093552,0.8541666666666666,1.0,1.0,0.3068528194400544,0.3068528194400548,0.537274644681619,0.6061820446128979,0.4598047194526616,0.3178421294867191,0.33333333333333337,95,0,0,0
220,0.5935536517043183,0.78125,144,112,0,0.704772377776022,0.91015625,1.0,1.0,0.3068528194400547,0.30685281944005494,0.3671625474122363,0.6061820446128979,0.4598047194526616,0.8333333333333334,0.33333333333333337,255,0,0,0
221,0.5640224017043184,0.70625,132,188,0,0.7071161277760218,0.921875,1.0,1.0,0.3068528194400544,0.3068528194400544,0.3671625474122363,0.6061820446128979,0.4598047194526616,0.8333333333333334,0.33333333333333337,319,0,0,0
222,0.07318359930873719,-0.5416666666666667,44,0,148,0.7019077944426887,0.8958333333333334,1.0,1.0,0.30685281944005494,0.30685281944005516,0.41401020210099737,0.6061820446128979,0.8333333333333334,0.3178421294867191,0.33333333333333337,191,0,0,0
223,0.14632607115819488,-0.421875,68,8,180,0.704772377776022,0.91015625,1.0,1.0,0.3068528194400547,0.30685281944005494,0.537274644681619,0.6061820446128979,0.4598047194526616,0.3178421294867191,0.33333333333333337,255,0,0,0
224,0.6186698211581949,0.7604166666666666,112,76,4,0.7019077944426887,0.8958333333333334,1.0,1.0,0.30685281944005494,0.30685281944005516,0.537274644681619,0.6061820446128979,0.4598047194526616,0.3178421294867191,0.33333333333333337,191,0,0,0
225,0.17970080625247803,-0.30113636363636354,0,164,188,0.7074002186851128,0.9232954545454546,1.0,1.0,0.30685281944005505,0.30685281944005427,0.46004320651667097,0.8333333333333334,0.4598047194526616,0.3178421294867191,0.33333333333333337,351,0,0,0
226,0.44366982115819487,0.32291666666666663,76,68,48,0.7019077944426887,0.8958333333333334,1.0,1.0,0.30685281944005494,0.30685281944005516,0.537274644681619,0.6061820446128979,0.4598047194526616,0.3178421294867191,0.33333333333333337,191,0,0,0
227,0.1311698211581949,-0.45833333333333326,28,32,132,0.7019077944426887,0.8958333333333334,1.0,1.0,0.30685281944005494,0.30685281944005516,0.537274644681619,0.6061820446128979,0.4598047194526616,0.3178421294867191,0.33333333333333337,191,0,0,0
228,0.22644759893597258,-0.22222222222222232,52,80,156,0.7060744611093551,0.9166666666666666,1.0,1.0,0.3068528194400544,0.3068528194400545,0.537274644681619,0.6061820446128979,0.4598047194526616,0.3178421294867191,0.33333333333333337,287,0,0,0
229,0.6715224017043183,0.975,304,16,0,0.7071161277760218,0.921875,1.0,1.0,0.3068528194400544,0.3068528194400544,0.3671625474122363,0.6061820446128979,0.4598047194526616,0.8333333333333334,0.33333333333333337,319,0,0,0
230,0.5869510711581949,0.6796875,152,84,20,0.704772377776022,0.91015625,1.0,1.0,0.3068528194400547,0.30685281944005494,0.537274644681619,0.6061820446128979,0.4598047194526616,0.3178421294867191,0.33333333333333337,255,0,0,0
231,0.47616982115819484,0.40625,60,40,28,0.6977411277760218,0.875,1.0,1.0,0.3068528194400548,0.3068528194400545,0.537274644681619,0.6061820446128979,0.4598047194526616,0.3178421294867191,0.33333333333333337,127,0,0,0
232,0.6042380029763768,0.7215909090909092,180,164,8,0.7074002186851128,0.9232954545454546,1.0,1.0,0.30685281944005505,0.30685281944005427,0.537274644681619,0.6061820446128979,0.4598047194526616,0.3178421294867191,0.33333333333333337,351,0,0,0
233,-0.06910806735792946,-0.8999999999999999,16,0,304,0.7071161277760218,0.921875,1.0,1.0,0.3068528194400544,0.3068528194400544,0.41401020210099737,0.6061820446128979,0.8333333333333334,0.3178421294867191,0.33333333333333337,319,0,0,0
234,-0.022423928841805135,-0.84375,8,16,232,0.704772377776022,0.91015625,1.0,1.0,0.3068528194400547,0.30685281944005494,0.537274644681619,0.6061820446128979,0.4598047194526616,0.3178421294867191,0.33333333333333337,255,0,0,0
235,0.4770031544915282,0.40625,72,84,36,0.7019077944426887,0.8958333333333334,1.0,1.0,0.30685281944005494,0.30685281944005516,0.537274644681619,0.6061820446128979,0.4598047194526616,0.3178421294867191,0.33333333333333337,191,0,0,0
236,0.656244513188194,1.0,224,0,0,0.7039911277760218,0.90625,1.0,1.0,0.3068528194400546,0.30685281944005427,0.24389810483161467,0.6061820446128979,0.8333333333333334,0.8333333333333334,0.33333333333333337,223,0,0,0
237,0.46450315449152824,0.375,96,48,48,0.7019077944426887,0.8958333333333334,1.0,1.0,0.30685281944005494,0.30685281944005516,0.537274644681619,0.6061820446128979,0.4598047194526616,0.3178421294867191,0.33333333333333337,191,0,0,0
238,-0.12592935499091915,-1.0,0,0,160,0.7002411277760219,0.8875,1.0,1.0,0.3068528194400546,0.3068528194400547,0.3367787639360492,0.8333333333333334,0.8333333333333334,0.3178421294867191,0.33333333333333337,159,0,0,0
239,-0.026276466474794757,-0.8125,0,20,140,0.7002411277760219,0.8875,1.0,1.0,0.3068528194400546,0.3068528194400547,0.46004320651667097,0.8333333333333334,0.4598047194526616,0.3178421294867191,0.33333333333333337,159,0,0,0
240,0.4428743666127404,0.31818181818181823,100,176,76,0.7074002186851128,0.9232954545454546,1.0,1.0,0.30685281944005505,0.30685281944005427,0.537274644681619,0.6061820446128979,0.4598047194526616,0.3178421294867191,0.33333333333333337,351,0,0,0
241,0.5261698211581949,0.53125,44,72,12,0.6977411277760218,0.875,1.0,1.0,0.3068528194400548,0.3068528194400545,0.537274644681619,0.6061820446128979,0.4598047194526616,0.3178421294867191,0.33333333333333337,127,0,0,0
242,0.6474198211581949,0.8295454545454546,256,88,8,0.7074002186851128,0.9232954545454546,1.0,1.0,0.30685281944005505,0.30685281944005427,0.537274644681619,0.6061820446128979,0.4598047194526616,0.3178421294867191,0.33333333333333337,351,0,0,0
243,0.49783648782486156,0.45833333333333337,80,80,32,0.7019077944426887,0.8958333333333334,1.0,1.0,0.30685281944005494,0.30685281944005516,0.537274644681619,0.6061820446128979,0.4598047194526616,0.3178421294867191,0.33333333333333337,191,0,0,0
244,-0.0033494096110359417,-0.7980769230769231,24,24,368,0.7087988200837142,0.9302884615384616,1.0,1.0,0.30685281944005416,0.30685281944005494,0.537274644681619,0.6061820446128979,0.4598047194526616,0.3178421294867191,0.33333333333333337,415,0,0,0
245,0.47283648782486154,0.39583333333333337,80,72,40,0.7019077944426887,0.8958333333333334,1.0,1.0,0.30685281944005494,0.30685281944005516,0.537274644681619,0.6061820446128979,0.4598047194526616,0.3178421294867191,0.33333333333333337,191,0,0,0
246,0.5006341068724806,0.4642857142857143,92,96,36,0.7039911277760218,0.90625,1.0,1.0,0.3068528194400546,0.30685281944005427,0.537274644681619,0.6061820446128979,0.4598047194526616,0.3178421294867191,0.33333333333333337,223,0,0,0
247,0.5369510711581948,0.5546875,148,68,40,0.704772377776022,0.91015625,1.0,1.0,0.3068528194400547,0.30685281944005494,0.537274644681619,0.6061820446128979,0.4598047194526616,0.3178421294867191,0.33333333333333337,255,0,0,0
248,0.5470626783010519,0.5803571428571428,120,76,28,0.7039911277760218,0.90625,1.0,1.0,0.3068528194400546,0.30685281944005427,0.537274644681619,0.6061820446128979,0.4598047194526616,0.3178421294867191,0.33333333333333337,223,0,0,0
249,0.5764475989359726,0.6527777777777778,148,120,20,0.7060744611093551,0.9166666666666666,1.0,1.0,0.3068528194400544,0.3068528194400545,0.537274644681619,0.6061820446128979,0.4598047194526616,0.3178421294867191,0.33333333333333337,287,0,0,0
250,0.5936698211581949,0.6979166666666667,100,84,8,0.7019077944426887,0.8958333333333334,1.0,1.0,0.30685281944005494,0.30685281944005516,0.537274644681619,0.6061820446128979,0.4598047194526616,0.3178421294867191,0.33333333333333337,191,0,0,0
251,0.472062678301052,0.3928571428571429,96,80,48,0.7039911277760218,0.90625,1.0,1.0,0.3068528194400546,0.30685281944005427,0.537274644681619,0.6061820446128979,0.4598047194526616,0.3178421294867191,0.33333333333333337,223,0,0,0
252,0.36450315449152826,0.125,48,80,64,0.7019077944426887,0.8958333333333334,1.0,1.0,0.30685281944005494,0.30685281944005516,0.537274644681619,0.6061820446128979,0.4598047194526616,0.3178421294867191,0.33333333333333337,191,0,0,0
253,0.25616982115819487,-0.14583333333333326,28,72,92,0.7019077944426887,0.8958333333333334,1.0,1.0,0.30685281944005494,0.30685281944005516,0.537274644681619,0.6061820446128979,0.4598047194526616,0.3178421294867191,0.33333333333333337,191,0,0,0
254,0.21507607115819488,-0.25,36,80,140,0.704772377776022,0.91015625,1.0,1.0,0.3068528194400547,0.30685281944005494,0.537274644681619,0.6061820446128979,0.4598047194526616,0.3178421294867191,0.33333333333333337,255,0,0,0
255,0.540064068370985,0.6458333333333333,112,272,0,0.7081577944426887,0.9270833333333334,1.0,1.0,0.30685281944005494,0.30685281944005494,0.3671625474122363,0.6061820446128979,0.4598047194526616,0.8333333333333334,0.33333333333333337,383,0,0,0
256,0.0770031544915282,-0.59375,24,20,148,0.7019077944426887,0.8958333333333334,1.0,1.0,0.30685281944005494,0.30685281944005516,0.537274644681619,0.6061820446128979,0.4598047194526616,0.3178421294867191,0.33333333333333337,191,0,0,0
257,0.1103364878248615,-0.5104166666666667,32,20,140,0.7019077944426887,0.8958333333333334,1.0,1.0,0.30685281944005494,0.30685281944005516,0.537274644681619,0.6061820446128979,0.4598047194526616,0.3178421294867191,0.33333333333333337,191,0,0,0
