,Q_M,Q_h,Q_s,Q_b,Q_f,num_chord,num_scale,num_diss,Comp_M,RR_I,RR_D,H_I_norm,H_D_norm,EMD_chord,EMD_scale,EMD_diss,num_unison,num_stepwise,num_conjunct,num_disjunct,P_total,P_max
0,0.8566176470588236,0.8566176470588236,0.31981112992868993,0.8489014990784622,0.1877394636015326,157,88,17,0.4338235294117647,0.051871500147362214,0.34474712394182766,0.39155821450164374,0.3770552816408512,0.14758331166459485,0.171925929598341,0.13389278238825164,49,36,31,145,1060,1305
1,0.22395833333333337,0.22395833333333337,0.7019077944426887,0.537274644681619,0.0,28,20,144,0.8958333333333334,1.0,1.0,0.30685281944005494,0.30685281944005516,0.6061820446128979,0.4598047194526616,0.3178421294867191,191,0,0,0,955,955
2,0.30859375,0.30859375,0.704772377776022,0.537274644681619,0.0,28,68,160,0.91015625,1.0,1.0,0.3068528194400547,0.30685281944005494,0.6061820446128979,0.4598047194526616,0.3178421294867191,255,0,0,0,1275,1275
3,0.875,0.875,0.7002411277760219,0.3671625474122363,0.0,80,80,0,0.8875,1.0,1.0,0.3068528194400546,0.3068528194400547,0.6061820446128979,0.4598047194526616,0.8333333333333334,159,0,0,0,795,795
4,0.0,0.0,0.6977411277760218,0.3367787639360492,0.0,0,0,128,0.875,1.0,1.0,0.3068528194400548,0.3068528194400545,0.8333333333333334,0.8333333333333334,0.3178421294867191,127,0,0,0,635,635
5,0.8177083333333334,0.8177083333333334,0.7019077944426887,0.537274644681619,0.0,100,76,16,0.8958333333333334,1.0,1.0,0.30685281944005494,0.30685281944005516,0.6061820446128979,0.4598047194526616,0.3178421294867191,191,0,0,0,955,955
6,0.9375,0.9375,0.7098244611093552,0.3671625474122363,0.0,360,120,0,0.9354166666666667,1.0,1.0,0.3068528194400545,0.3068528194400545,0.6061820446128979,0.4598047194526616,0.8333333333333334,479,0,0,0,2395,2395
7,0.3616071428571429,0.3616071428571429,0.7039911277760218,0.537274644681619,0.0,48,44,132,0.90625,1.0,1.0,0.3068528194400546,0.30685281944005427,0.6061820446128979,0.4598047194526616,0.3178421294867191,223,0,0,0,1115,1115
8,0.840625,0.840625,0.7071161277760218,0.3671625474122363,0.0,116,204,0,0.921875,1.0,1.0,0.3068528194400544,0.3068528194400544,0.6061820446128979,0.4598047194526616,0.8333333333333334,319,0,0,0,1595,1595
9,0.0,0.0,0.7081577944426887,0.3367787639360492,0.0,0,0,384,0.9270833333333334,1.0,1.0,0.30685281944005494,0.30685281944005494,0.8333333333333334,0.8333333333333334,0.3178421294867191,383,0,0,0,1915,1915
10,0.8125,0.8125,0.6977411277760218,0.537274644681619,0.0,44,80,4,0.875,1.0,1.0,0.3068528194400548,0.3068528194400545,0.6061820446128979,0.4598047194526616,0.3178421294867191,127,0,0,0,635,635
11,0.359375,0.359375,0.7019077944426887,0.537274644681619,0.0,36,44,112,0.8958333333333334,1.0,1.0,0.30685281944005494,0.30685281944005516,0.6061820446128979,0.4598047194526616,0.3178421294867191,191,0,0,0,955,955
12,0.4453125,0.4453125,0.6977411277760218,0.537274644681619,0.0,48,12,68,0.875,1.0,1.0,0.3068528194400548,0.3068528194400545,0.6061820446128979,0.4598047194526616,0.3178421294867191,127,0,0,0,635,635
13,0.2455357142857143,0.2455357142857143,0.7039911277760218,0.537274644681619,0.0,28,36,160,0.90625,1.0,1.0,0.3068528194400546,0.30685281944005427,0.6061820446128979,0.4598047194526616,0.3178421294867191,223,0,0,0,1115,1115
14,0.3080357142857143,0.3080357142857143,0.7039911277760218,0.46004320651667097,0.0,0,92,132,0.90625,1.0,1.0,0.3068528194400546,0.30685281944005427,0.8333333333333334,0.4598047194526616,0.3178421294867191,223,0,0,0,1115,1115
15,0.83984375,0.83984375,0.704772377776022,0.537274644681619,0.0,128,116,12,0.91015625,1.0,1.0,0.3068528194400547,0.30685281944005494,0.6061820446128979,0.4598047194526616,0.3178421294867191,255,0,0,0,1275,1275
16,0.5416666666666667,0.5416666666666667,0.7019077944426887,0.537274644681619,0.0,68,48,76,0.8958333333333334,1.0,1.0,0.30685281944005494,0.30685281944005516,0.6061820446128979,0.4598047194526616,0.3178421294867191,191,0,0,0,955,955
17,0.203125,0.203125,0.7019077944426887,0.537274644681619,0.0,36,4,152,0.8958333333333334,1.0,1.0,0.30685281944005494,0.30685281944005516,0.6061820446128979,0.4598047194526616,0.3178421294867191,191,0,0,0,955,955
18,0.15625,0.15625,0.704772377776022,0.537274644681619,0.0,16,32,208,0.91015625,1.0,1.0,0.3068528194400547,0.30685281944005494,0.6061820446128979,0.4598047194526616,0.3178421294867191,255,0,0,0,1275,1275
19,0.30625,0.30625,0.7002411277760219,0.537274644681619,0.0,16,44,100,0.8875,1.0,1.0,0.3068528194400546,0.3068528194400547,0.6061820446128979,0.4598047194526616,0.3178421294867191,159,0,0,0,795,795
20,0.16193181818181823,0.16193181818181823,0.7074002186851128,0.537274644681619,0.0,36,28,288,0.9232954545454546,1.0,1.0,0.30685281944005505,0.30685281944005427,0.6061820446128979,0.4598047194526616,0.3178421294867191,351,0,0,0,1755,1755
21,0.671875,0.671875,0.704772377776022,0.537274644681619,0.0,112,80,64,0.91015625,1.0,1.0,0.3068528194400547,0.30685281944005494,0.6061820446128979,0.4598047194526616,0.3178421294867191,255,0,0,0,1275,1275
22,0.875,0.875,0.7060744611093551,0.3671625474122363,0.0,144,144,0,0.9166666666666666,1.0,1.0,0.3068528194400544,0.3068528194400545,0.6061820446128979,0.4598047194526616,0.8333333333333334,287,0,0,0,1435,1435
23,0.68125,0.68125,0.7071161277760218,0.537274644681619,0.0,92,168,60,0.921875,1.0,1.0,0.3068528194400544,0.3068528194400544,0.6061820446128979,0.4598047194526616,0.3178421294867191,319,0,0,0,1595,1595
24,0.37890625,0.37890625,0.704772377776022,0.537274644681619,0.0,64,44,148,0.91015625,1.0,1.0,0.3068528194400547,0.30685281944005494,0.6061820446128979,0.4598047194526616,0.3178421294867191,255,0,0,0,1275,1275
25,0.0625,0.0625,0.7002411277760219,0.537274644681619,0.0,4,8,148,0.8875,1.0,1.0,0.3068528194400546,0.3068528194400547,0.6061820446128979,0.4598047194526616,0.3178421294867191,159,0,0,0,795,795
26,0.8883928571428571,0.8883928571428571,0.7039911277760218,0.537274644681619,0.0,136,84,4,0.90625,1.0,1.0,0.3068528194400546,0.30685281944005427,0.6061820446128979,0.4598047194526616,0.3178421294867191,223,0,0,0,1115,1115
27,0.17361111111111116,0.17361111111111116,0.7060744611093551,0.537274644681619,0.0,32,24,232,0.9166666666666666,1.0,1.0,0.3068528194400544,0.3068528194400545,0.6061820446128979,0.4598047194526616,0.3178421294867191,287,0,0,0,1435,1435
28,0.23958333333333337,0.23958333333333337,0.7019077944426887,0.537274644681619,0.0,16,40,136,0.8958333333333334,1.0,1.0,0.30685281944005494,0.30685281944005516,0.6061820446128979,0.4598047194526616,0.3178421294867191,191,0,0,0,955,955
29,0.06562500000000004,0.06562500000000004,0.7071161277760218,0.46004320651667097,0.0,0,28,292,0.921875,1.0,1.0,0.3068528194400544,0.3068528194400544,0.8333333333333334,0.4598047194526616,0.3178421294867191,319,0,0,0,1595,1595
30,0.5340909090909092,0.5340909090909092,0.7074002186851128,0.537274644681619,0.0,164,32,156,0.9232954545454546,1.0,1.0,0.30685281944005505,0.30685281944005427,0.6061820446128979,0.4598047194526616,0.3178421294867191,351,0,0,0,1755,1755
31,0.8819444444444444,0.8819444444444444,0.7060744611093551,0.3671625474122363,0.0,152,136,0,0.9166666666666666,1.0,1.0,0.3068528194400544,0.3068528194400545,0.6061820446128979,0.4598047194526616,0.8333333333333334,287,0,0,0,1435,1435
32,0.87890625,0.87890625,0.704772377776022,0.3671625474122363,0.0,132,124,0,0.91015625,1.0,1.0,0.3068528194400547,0.30685281944005494,0.6061820446128979,0.4598047194526616,0.8333333333333334,255,0,0,0,1275,1275
33,0.19791666666666663,0.19791666666666663,0.7019077944426887,0.537274644681619,0.0,8,40,144,0.8958333333333334,1.0,1.0,0.30685281944005494,0.30685281944005516,0.6061820446128979,0.4598047194526616,0.3178421294867191,191,0,0,0,955,955
34,0.38749999999999996,0.38749999999999996,0.7002411277760219,0.537274644681619,0.0,56,8,96,0.8875,1.0,1.0,0.3068528194400546,0.3068528194400547,0.6061820446128979,0.4598047194526616,0.3178421294867191,159,0,0,0,795,795
35,0.6903409090909092,0.6903409090909092,0.7074002186851128,0.537274644681619,0.0,132,148,72,0.9232954545454546,1.0,1.0,0.30685281944005505,0.30685281944005427,0.6061820446128979,0.4598047194526616,0.3178421294867191,351,0,0,0,1755,1755
36,0.35416666666666663,0.35416666666666663,0.7060744611093551,0.537274644681619,0.0,48,72,168,0.9166666666666666,1.0,1.0,0.3068528194400544,0.3068528194400545,0.6061820446128979,0.4598047194526616,0.3178421294867191,287,0,0,0,1435,1435
37,0.6979166666666667,0.6979166666666667,0.7019077944426887,0.537274644681619,0.0,80,72,40,0.8958333333333334,1.0,1.0,0.30685281944005494,0.30685281944005516,0.6061820446128979,0.4598047194526616,0.3178421294867191,191,0,0,0,955,955
38,0.48046875,0.48046875,0.704772377776022,0.537274644681619,0.0,108,20,128,0.91015625,1.0,1.0,0.3068528194400547,0.30685281944005494,0.6061820446128979,0.4598047194526616,0.3178421294867191,255,0,0,0,1275,1275
39,0.22916666666666663,0.22916666666666663,0.7019077944426887,0.537274644681619,0.0,32,16,144,0.8958333333333334,1.0,1.0,0.30685281944005494,0.30685281944005516,0.6061820446128979,0.4598047194526616,0.3178421294867191,191,0,0,0,955,955
40,0.75,0.75,0.7002411277760219,0.537274644681619,0.0,96,32,32,0.8875,1.0,1.0,0.3068528194400546,0.3068528194400547,0.6061820446128979,0.4598047194526616,0.3178421294867191,159,0,0,0,795,795
41,0.44791666666666663,0.44791666666666663,0.7019077944426887,0.537274644681619,0.0,44,56,92,0.8958333333333334,1.0,1.0,0.30685281944005494,0.30685281944005516,0.6061820446128979,0.4598047194526616,0.3178421294867191,191,0,0,0,955,955
42,0.18359375,0.18359375,0.704772377776022,0.537274644681619,0.0,20,36,200,0.91015625,1.0,1.0,0.3068528194400547,0.30685281944005494,0.6061820446128979,0.4598047194526616,0.3178421294867191,255,0,0,0,1275,1275
43,0.09375,0.09375,0.7019077944426887,0.537274644681619,0.0,12,8,172,0.8958333333333334,1.0,1.0,0.30685281944005494,0.30685281944005516,0.6061820446128979,0.4598047194526616,0.3178421294867191,191,0,0,0,955,955
44,0.1875,0.1875,0.7002411277760219,0.537274644681619,0.0,12,24,124,0.8875,1.0,1.0,0.3068528194400546,0.3068528194400547,0.6061820446128979,0.4598047194526616,0.3178421294867191,159,0,0,0,795,795
45,0.2946428571428571,0.2946428571428571,0.7093482706331647,0.46004320651667097,0.0,0,176,272,0.9330357142857143,1.0,1.0,0.30685281944005516,0.3068528194400545,0.8333333333333334,0.4598047194526616,0.3178421294867191,447,0,0,0,2235,2235
46,0.44886363636363635,0.44886363636363635,0.7074002186851128,0.537274644681619,0.0,80,104,168,0.9232954545454546,1.0,1.0,0.30685281944005505,0.30685281944005427,0.6061820446128979,0.4598047194526616,0.3178421294867191,351,0,0,0,1755,1755
47,0.19921875,0.19921875,0.704772377776022,0.537274644681619,0.0,24,36,196,0.91015625,1.0,1.0,0.3068528194400547,0.30685281944005494,0.6061820446128979,0.4598047194526616,0.3178421294867191,255,0,0,0,1275,1275
48,0.828125,0.828125,0.7019077944426887,0.537274644681619,0.0,84,100,8,0.8958333333333334,1.0,1.0,0.30685281944005494,0.30685281944005516,0.6061820446128979,0.4598047194526616,0.3178421294867191,191,0,0,0,955,955
49,0.6607142857142857,0.6607142857142857,0.7039911277760218,0.537274644681619,0.0,88,80,56,0.90625,1.0,1.0,0.3068528194400546,0.30685281944005427,0.6061820446128979,0.4598047194526616,0.3178421294867191,223,0,0,0,1115,1115
50,0.5625,0.5625,0.7002411277760219,0.537274644681619,0.0,72,24,64,0.8875,1.0,1.0,0.3068528194400546,0.3068528194400547,0.6061820446128979,0.4598047194526616,0.3178421294867191,159,0,0,0,795,795
51,0.71875,0.71875,0.7002411277760219,0.537274644681619,0.0,76,52,32,0.8875,1.0,1.0,0.3068528194400546,0.3068528194400547,0.6061820446128979,0.4598047194526616,0.3178421294867191,159,0,0,0,795,795
52,0.08854166666666663,0.08854166666666663,0.7019077944426887,0.537274644681619,0.0,8,12,172,0.8958333333333334,1.0,1.0,0.30685281944005494,0.30685281944005516,0.6061820446128979,0.4598047194526616,0.3178421294867191,191,0,0,0,955,955
53,0.8177083333333334,0.8177083333333334,0.7019077944426887,0.537274644681619,0.0,100,76,16,0.8958333333333334,1.0,1.0,0.30685281944005494,0.30685281944005516,0.6061820446128979,0.4598047194526616,0.3178421294867191,191,0,0,0,955,955
54,0.0,0.0,0.7060744611093551,0.3367787639360492,0.0,0,0,288,0.9166666666666666,1.0,1.0,0.3068528194400544,0.3068528194400545,0.8333333333333334,0.8333333333333334,0.3178421294867191,287,0,0,0,1435,1435
55,0.27604166666666663,0.27604166666666663,0.7019077944426887,0.537274644681619,0.0,32,28,132,0.8958333333333334,1.0,1.0,0.30685281944005494,0.30685281944005516,0.6061820446128979,0.4598047194526616,0.3178421294867191,191,0,0,0,955,955
56,0.7473958333333333,0.7473958333333333,0.7081577944426887,0.537274644681619,0.0,188,132,64,0.9270833333333334,1.0,1.0,0.30685281944005494,0.30685281944005494,0.6061820446128979,0.4598047194526616,0.3178421294867191,383,0,0,0,1915,1915
57,0.9375,0.9375,0.7039911277760218,0.3671625474122363,0.0,168,56,0,0.90625,1.0,1.0,0.3068528194400546,0.30685281944005427,0.6061820446128979,0.4598047194526616,0.8333333333333334,223,0,0,0,1115,1115
58,0.17708333333333337,0.17708333333333337,0.7019077944426887,0.537274644681619,0.0,4,40,148,0.8958333333333334,1.0,1.0,0.30685281944005494,0.30685281944005516,0.6061820446128979,0.4598047194526616,0.3178421294867191,191,0,0,0,955,955
59,0.0,0.0,0.704772377776022,0.3367787639360492,0.0,0,0,256,0.91015625,1.0,1.0,0.3068528194400547,0.30685281944005494,0.8333333333333334,0.8333333333333334,0.3178421294867191,255,0,0,0,1275,1275
60,0.359375,0.359375,0.6977411277760218,0.537274644681619,0.0,16,40,72,0.875,1.0,1.0,0.3068528194400548,0.3068528194400545,0.6061820446128979,0.4598047194526616,0.3178421294867191,127,0,0,0,635,635
61,0.6822916666666667,0.6822916666666667,0.7019077944426887,0.537274644681619,0.0,92,52,48,0.8958333333333334,1.0,1.0,0.30685281944005494,0.30685281944005516,0.6061820446128979,0.4598047194526616,0.3178421294867191,191,0,0,0,955,955
62,0.73828125,0.73828125,0.704772377776022,0.537274644681619,0.0,108,108,40,0.91015625,1.0,1.0,0.3068528194400547,0.30685281944005494,0.6061820446128979,0.4598047194526616,0.3178421294867191,255,0,0,0,1275,1275
63,0.0625,0.0625,0.7002411277760219,0.537274644681619,0.0,4,8,148,0.8875,1.0,1.0,0.3068528194400546,0.3068528194400547,0.6061820446128979,0.4598047194526616,0.3178421294867191,159,0,0,0,795,795
64,0.21875,0.21875,0.7093482706331647,0.537274644681619,0.0,44,72,332,0.9330357142857143,1.0,1.0,0.30685281944005516,0.3068528194400545,0.6061820446128979,0.4598047194526616,0.3178421294867191,447,0,0,0,2235,2235
65,0.81640625,0.81640625,0.704772377776022,0.537274644681619,0.0,80,172,4,0.91015625,1.0,1.0,0.3068528194400547,0.30685281944005494,0.6061820446128979,0.4598047194526616,0.3178421294867191,255,0,0,0,1275,1275
66,0.775,0.775,0.7002411277760219,0.537274644681619,0.0,88,48,24,0.8875,1.0,1.0,0.3068528194400546,0.3068528194400547,0.6061820446128979,0.4598047194526616,0.3178421294867191,159,0,0,0,795,795
67,0.11328125,0.11328125,0.704772377776022,0.537274644681619,0.0,8,28,220,0.91015625,1.0,1.0,0.3068528194400547,0.30685281944005494,0.6061820446128979,0.4598047194526616,0.3178421294867191,255,0,0,0,1275,1275
68,0.703125,0.703125,0.6977411277760218,0.537274644681619,0.0,72,24,32,0.875,1.0,1.0,0.3068528194400548,0.3068528194400545,0.6061820446128979,0.4598047194526616,0.3178421294867191,127,0,0,0,635,635
69,0.07291666666666663,0.07291666666666663,0.7019077944426887,0.537274644681619,0.0,8,8,176,0.8958333333333334,1.0,1.0,0.30685281944005494,0.30685281944005516,0.6061820446128979,0.4598047194526616,0.3178421294867191,191,0,0,0,955,955
70,0.0,0.0,0.6977411277760218,0.3367787639360492,0.0,0,0,128,0.875,1.0,1.0,0.3068528194400548,0.3068528194400545,0.8333333333333334,0.8333333333333334,0.3178421294867191,127,0,0,0,635,635
71,0.5,0.5,0.7019077944426887,0.537274644681619,0.0,72,32,88,0.8958333333333334,1.0,1.0,0.30685281944005494,0.30685281944005516,0.6061820446128979,0.4598047194526616,0.3178421294867191,191,0,0,0,955,955
72,0.90625,0.90625,0.7019077944426887,0.3671625474122363,0.0,120,72,0,0.8958333333333334,1.0,1.0,0.30685281944005494,0.30685281944005516,0.6061820446128979,0.4598047194526616,0.8333333333333334,191,0,0,0,955,955
73,0.23750000000000004,0.23750000000000004,0.7002411277760219,0.537274644681619,0.0,20,24,116,0.8875,1.0,1.0,0.3068528194400546,0.3068528194400547,0.6061820446128979,0.4598047194526616,0.3178421294867191,159,0,0,0,795,795
74,0.1071428571428571,0.1071428571428571,0.7039911277760218,0.46004320651667097,0.0,0,32,192,0.90625,1.0,1.0,0.3068528194400546,0.30685281944005427,0.8333333333333334,0.4598047194526616,0.3178421294867191,223,0,0,0,1115,1115
75,0.25,0.25,0.7019077944426887,0.41401020210099737,0.0,48,0,144,0.8958333333333334,1.0,1.0,0.30685281944005494,0.30685281944005516,0.6061820446128979,0.8333333333333334,0.3178421294867191,191,0,0,0,955,955
76,0.6701388888888888,0.6701388888888888,0.7060744611093551,0.537274644681619,0.0,100,124,64,0.9166666666666666,1.0,1.0,0.3068528194400544,0.3068528194400545,0.6061820446128979,0.4598047194526616,0.3178421294867191,287,0,0,0,1435,1435
77,0.46875,0.46875,0.7019077944426887,0.537274644681619,0.0,24,88,80,0.8958333333333334,1.0,1.0,0.30685281944005494,0.30685281944005516,0.6061820446128979,0.4598047194526616,0.3178421294867191,191,0,0,0,955,955
78,0.8046875,0.8046875,0.704772377776022,0.537274644681619,0.0,152,72,32,0.91015625,1.0,1.0,0.3068528194400547,0.30685281944005494,0.6061820446128979,0.4598047194526616,0.3178421294867191,255,0,0,0,1275,1275
79,0.54375,0.54375,0.7002411277760219,0.537274644681619,0.0,48,52,60,0.8875,1.0,1.0,0.3068528194400546,0.3068528194400547,0.6061820446128979,0.4598047194526616,0.3178421294867191,159,0,0,0,795,795
80,1.0,1.0,0.7074002186851128,0.24389810483161467,0.0,352,0,0,0.9232954545454546,1.0,1.0,0.30685281944005505,0.30685281944005427,0.6061820446128979,0.8333333333333334,0.8333333333333334,351,0,0,0,1755,1755
81,0.03515625,0.03515625,0.704772377776022,0.46004320651667097,0.0,0,12,244,0.91015625,1.0,1.0,0.3068528194400547,0.30685281944005494,0.8333333333333334,0.4598047194526616,0.3178421294867191,255,0,0,0,1275,1275
82,0.7604166666666666,0.7604166666666666,0.7019077944426887,0.537274644681619,0.0,80,88,24,0.8958333333333334,1.0,1.0,0.30685281944005494,0.30685281944005516,0.6061820446128979,0.4598047194526616,0.3178421294867191,191,0,0,0,955,955
83,0.734375,0.734375,0.7019077944426887,0.537274644681619,0.0,96,60,36,0.8958333333333334,1.0,1.0,0.30685281944005494,0.30685281944005516,0.6061820446128979,0.4598047194526616,0.3178421294867191,191,0,0,0,955,955
84,0.19687500000000002,0.19687500000000002,0.7071161277760218,0.46004320651667097,0.0,0,84,236,0.921875,1.0,1.0,0.3068528194400544,0.3068528194400544,0.8333333333333334,0.4598047194526616,0.3178421294867191,319,0,0,0,1595,1595
85,0.10546875,0.10546875,0.704772377776022,0.46004320651667097,0.0,0,36,220,0.91015625,1.0,1.0,0.3068528194400547,0.30685281944005494,0.8333333333333334,0.4598047194526616,0.3178421294867191,255,0,0,0,1275,1275
86,0.6666666666666667,0.6666666666666667,0.7019077944426887,0.537274644681619,0.0,80,64,48,0.8958333333333334,1.0,1.0,0.30685281944005494,0.30685281944005516,0.6061820446128979,0.4598047194526616,0.3178421294867191,191,0,0,0,955,955
87,0.390625,0.390625,0.7019077944426887,0.537274644681619,0.0,24,68,100,0.8958333333333334,1.0,1.0,0.30685281944005494,0.30685281944005516,0.6061820446128979,0.4598047194526616,0.3178421294867191,191,0,0,0,955,955
88,0.36979166666666663,0.36979166666666663,0.7019077944426887,0.537274644681619,0.0,20,68,104,0.8958333333333334,1.0,1.0,0.30685281944005494,0.30685281944005516,0.6061820446128979,0.4598047194526616,0.3178421294867191,191,0,0,0,955,955
89,0.3194444444444444,0.3194444444444444,0.7060744611093551,0.537274644681619,0.0,8,112,168,0.9166666666666666,1.0,1.0,0.3068528194400544,0.3068528194400545,0.6061820446128979,0.4598047194526616,0.3178421294867191,287,0,0,0,1435,1435
90,0.80078125,0.80078125,0.704772377776022,0.537274644681619,0.0,136,92,28,0.91015625,1.0,1.0,0.3068528194400547,0.30685281944005494,0.6061820446128979,0.4598047194526616,0.3178421294867191,255,0,0,0,1275,1275
91,0.73828125,0.73828125,0.704772377776022,0.537274644681619,0.0,72,156,28,0.91015625,1.0,1.0,0.3068528194400547,0.30685281944005494,0.6061820446128979,0.4598047194526616,0.3178421294867191,255,0,0,0,1275,1275
92,0.7232142857142857,0.7232142857142857,0.7039911277760218,0.537274644681619,0.0,96,88,40,0.90625,1.0,1.0,0.3068528194400546,0.30685281944005427,0.6061820446128979,0.4598047194526616,0.3178421294867191,223,0,0,0,1115,1115
93,0.4921875,0.4921875,0.6977411277760218,0.537274644681619,0.0,36,36,56,0.875,1.0,1.0,0.3068528194400548,0.3068528194400545,0.6061820446128979,0.4598047194526616,0.3178421294867191,127,0,0,0,635,635
94,0.71875,0.71875,0.7071161277760218,0.537274644681619,0.0,140,120,60,0.921875,1.0,1.0,0.3068528194400544,0.3068528194400544,0.6061820446128979,0.4598047194526616,0.3178421294867191,319,0,0,0,1595,1595
95,0.8368055555555556,0.8368055555555556,0.7060744611093551,0.537274644681619,0.0,160,108,20,0.9166666666666666,1.0,1.0,0.3068528194400544,0.3068528194400545,0.6061820446128979,0.4598047194526616,0.3178421294867191,287,0,0,0,1435,1435
96,0.915625,0.915625,0.7071161277760218,0.3671625474122363,0.0,212,108,0,0.921875,1.0,1.0,0.3068528194400544,0.3068528194400544,0.6061820446128979,0.4598047194526616,0.8333333333333334,319,0,0,0,1595,1595
97,0.875,0.875,0.7087988200837142,0.3671625474122363,0.0,208,208,0,0.9302884615384616,1.0,1.0,0.30685281944005416,0.30685281944005494,0.6061820446128979,0.4598047194526616,0.8333333333333334,415,0,0,0,2075,2075
98,0.9036458333333334,0.9036458333333334,0.7081577944426887,0.3671625474122363,0.0,236,148,0,0.9270833333333334,1.0,1.0,0.30685281944005494,0.30685281944005494,0.6061820446128979,0.4598047194526616,0.8333333333333334,383,0,0,0,1915,1915
99,0.41145833333333337,0.41145833333333337,0.7019077944426887,0.537274644681619,0.0,40,52,100,0.8958333333333334,1.0,1.0,0.30685281944005494,0.30685281944005516,0.6061820446128979,0.4598047194526616,0.3178421294867191,191,0,0,0,955,955
100,0.11979166666666663,0.11979166666666663,0.7019077944426887,0.537274644681619,0.0,8,20,164,0.8958333333333334,1.0,1.0,0.30685281944005494,0.30685281944005516,0.6061820446128979,0.4598047194526616,0.3178421294867191,191,0,0,0,955,955
101,0.5104166666666667,0.5104166666666667,0.7019077944426887,0.537274644681619,0.0,56,56,80,0.8958333333333334,1.0,1.0,0.30685281944005494,0.30685281944005516,0.6061820446128979,0.4598047194526616,0.3178421294867191,191,0,0,0,955,955
102,0.32499999999999996,0.32499999999999996,0.7002411277760219,0.537274644681619,0.0,28,32,100,0.8875,1.0,1.0,0.3068528194400546,0.3068528194400547,0.6061820446128979,0.4598047194526616,0.3178421294867191,159,0,0,0,795,795
103,0.45833333333333337,0.45833333333333337,0.7060744611093551,0.537274644681619,0.0,60,96,132,0.9166666666666666,1.0,1.0,0.3068528194400544,0.3068528194400545,0.6061820446128979,0.4598047194526616,0.3178421294867191,287,0,0,0,1435,1435
104,0.75390625,0.75390625,0.704772377776022,0.3671625474122363,0.0,4,252,0,0.91015625,1.0,1.0,0.3068528194400547,0.30685281944005494,0.6061820446128979,0.4598047194526616,0.8333333333333334,255,0,0,0,1275,1275
105,0.515625,0.515625,0.6977411277760218,0.537274644681619,0.0,24,56,48,0.875,1.0,1.0,0.3068528194400548,0.3068528194400545,0.6061820446128979,0.4598047194526616,0.3178421294867191,127,0,0,0,635,635
106,0.6822916666666667,0.6822916666666667,0.7019077944426887,0.537274644681619,0.0,80,68,44,0.8958333333333334,1.0,1.0,0.30685281944005494,0.30685281944005516,0.6061820446128979,0.4598047194526616,0.3178421294867191,191,0,0,0,955,955
107,0.3341346153846154,0.3341346153846154,0.7087988200837142,0.537274644681619,0.0,16,164,236,0.9302884615384616,1.0,1.0,0.30685281944005416,0.30685281944005494,0.6061820446128979,0.4598047194526616,0.3178421294867191,415,0,0,0,2075,2075
108,0.234375,0.234375,0.6977411277760218,0.537274644681619,0.0,24,8,96,0.875,1.0,1.0,0.3068528194400548,0.3068528194400545,0.6061820446128979,0.4598047194526616,0.3178421294867191,127,0,0,0,635,635
109,0.921875,0.921875,0.7081577944426887,0.3671625474122363,0.0,264,120,0,0.9270833333333334,1.0,1.0,0.30685281944005494,0.30685281944005494,0.6061820446128979,0.4598047194526616,0.8333333333333334,383,0,0,0,1915,1915
110,0.27083333333333337,0.27083333333333337,0.7019077944426887,0.537274644681619,0.0,40,16,136,0.8958333333333334,1.0,1.0,0.30685281944005494,0.30685281944005516,0.6061820446128979,0.4598047194526616,0.3178421294867191,191,0,0,0,955,955
111,0.7743055555555556,0.7743055555555556,0.7060744611093551,0.537274644681619,0.0,136,116,36,0.9166666666666666,1.0,1.0,0.3068528194400544,0.3068528194400545,0.6061820446128979,0.4598047194526616,0.3178421294867191,287,0,0,0,1435,1435
112,0.65,0.65,0.7002411277760219,0.537274644681619,0.0,44,80,36,0.8875,1.0,1.0,0.3068528194400546,0.3068528194400547,0.6061820446128979,0.4598047194526616,0.3178421294867191,159,0,0,0,795,795
113,0.9166666666666666,0.9166666666666666,0.7060744611093551,0.3671625474122363,0.0,192,96,0,0.9166666666666666,1.0,1.0,0.3068528194400544,0.3068528194400545,0.6061820446128979,0.4598047194526616,0.8333333333333334,287,0,0,0,1435,1435
114,0.88125,0.88125,0.7002411277760219,0.537274644681619,0.0,108,44,8,0.8875,1.0,1.0,0.3068528194400546,0.3068528194400547,0.6061820446128979,0.4598047194526616,0.3178421294867191,159,0,0,0,795,795
115,0.90625,0.90625,0.7019077944426887,0.537274644681619,0.0,132,56,4,0.8958333333333334,1.0,1.0,0.30685281944005494,0.30685281944005516,0.6061820446128979,0.4598047194526616,0.3178421294867191,191,0,0,0,955,955
116,0.0,0.0,0.704772377776022,0.3367787639360492,0.0,0,0,256,0.91015625,1.0,1.0,0.3068528194400547,0.30685281944005494,0.8333333333333334,0.8333333333333334,0.3178421294867191,255,0,0,0,1275,1275
117,0.25,0.25,0.7002411277760219,0.537274644681619,0.0,28,16,116,0.8875,1.0,1.0,0.3068528194400546,0.3068528194400547,0.6061820446128979,0.4598047194526616,0.3178421294867191,159,0,0,0,795,795
118,0.7881944444444444,0.7881944444444444,0.7060744611093551,0.537274644681619,0.0,176,68,44,0.9166666666666666,1.0,1.0,0.3068528194400544,0.3068528194400545,0.6061820446128979,0.4598047194526616,0.3178421294867191,287,0,0,0,1435,1435
119,0.8125,0.8125,0.7019077944426887,0.537274644681619,0.0,96,80,16,0.8958333333333334,1.0,1.0,0.30685281944005494,0.30685281944005516,0.6061820446128979,0.4598047194526616,0.3178421294867191,191,0,0,0,955,955
120,0.7857142857142857,0.7857142857142857,0.7039911277760218,0.3671625474122363,0.0,32,192,0,0.90625,1.0,1.0,0.3068528194400546,0.30685281944005427,0.6061820446128979,0.4598047194526616,0.8333333333333334,223,0,0,0,1115,1115
121,0.11979166666666663,0.11979166666666663,0.7019077944426887,0.537274644681619,0.0,8,20,164,0.8958333333333334,1.0,1.0,0.30685281944005494,0.30685281944005516,0.6061820446128979,0.4598047194526616,0.3178421294867191,191,0,0,0,955,955
122,0.5096153846153846,0.5096153846153846,0.7087988200837142,0.537274644681619,0.0,116,128,172,0.9302884615384616,1.0,1.0,0.30685281944005416,0.30685281944005494,0.6061820446128979,0.4598047194526616,0.3178421294867191,415,0,0,0,2075,2075
123,0.609375,0.609375,0.7019077944426887,0.537274644681619,0.0,84,44,64,0.8958333333333334,1.0,1.0,0.30685281944005494,0.30685281944005516,0.6061820446128979,0.4598047194526616,0.3178421294867191,191,0,0,0,955,955
124,0.7708333333333334,0.7708333333333334,0.7019077944426887,0.537274644681619,0.0,88,80,24,0.8958333333333334,1.0,1.0,0.30685281944005494,0.30685281944005516,0.6061820446128979,0.4598047194526616,0.3178421294867191,191,0,0,0,955,955
125,0.20833333333333337,0.20833333333333337,0.7019077944426887,0.537274644681619,0.0,28,16,148,0.8958333333333334,1.0,1.0,0.30685281944005494,0.30685281944005516,0.6061820446128979,0.4598047194526616,0.3178421294867191,191,0,0,0,955,955
126,0.13020833333333337,0.13020833333333337,0.7019077944426887,0.537274644681619,0.0,16,12,164,0.8958333333333334,1.0,1.0,0.30685281944005494,0.30685281944005516,0.6061820446128979,0.4598047194526616,0.3178421294867191,191,0,0,0,955,955
127,0.44270833333333337,0.44270833333333337,0.7019077944426887,0.537274644681619,0.0,40,60,92,0.8958333333333334,1.0,1.0,0.30685281944005494,0.30685281944005516,0.6061820446128979,0.4598047194526616,0.3178421294867191,191,0,0,0,955,955
128,0.78125,0.78125,0.6935744611093552,0.537274644681619,0.0,48,36,12,0.8541666666666666,1.0,1.0,0.3068528194400544,0.3068528194400548,0.6061820446128979,0.4598047194526616,0.3178421294867191,95,0,0,0,475,475
129,0.771875,0.771875,0.7071161277760218,0.537274644681619,0.0,148,132,40,0.921875,1.0,1.0,0.3068528194400544,0.3068528194400544,0.6061820446128979,0.4598047194526616,0.3178421294867191,319,0,0,0,1595,1595
130,0.8977272727272727,0.8977272727272727,0.7074002186851128,0.3671625474122363,0.0,208,144,0,0.9232954545454546,1.0,1.0,0.30685281944005505,0.30685281944005427,0.6061820446128979,0.4598047194526616,0.8333333333333334,351,0,0,0,1755,1755
131,0.8,0.8,0.7071161277760218,0.537274644681619,0.0,160,128,32,0.921875,1.0,1.0,0.3068528194400544,0.3068528194400544,0.6061820446128979,0.4598047194526616,0.3178421294867191,319,0,0,0,1595,1595
132,0.13020833333333337,0.13020833333333337,0.7019077944426887,0.537274644681619,0.0,16,12,164,0.8958333333333334,1.0,1.0,0.30685281944005494,0.30685281944005516,0.6061820446128979,0.4598047194526616,0.3178421294867191,191,0,0,0,955,955
133,0.5972222222222222,0.5972222222222222,0.7060744611093551,0.537274644681619,0.0,124,64,100,0.9166666666666666,1.0,1.0,0.3068528194400544,0.3068528194400545,0.6061820446128979,0.4598047194526616,0.3178421294867191,287,0,0,0,1435,1435
134,0.85,0.85,0.7071161277760218,0.537274644681619,0.0,200,96,24,0.921875,1.0,1.0,0.3068528194400544,0.3068528194400544,0.6061820446128979,0.4598047194526616,0.3178421294867191,319,0,0,0,1595,1595
135,0.17708333333333337,0.17708333333333337,0.7060744611093551,0.537274644681619,0.0,24,36,228,0.9166666666666666,1.0,1.0,0.3068528194400544,0.3068528194400545,0.6061820446128979,0.4598047194526616,0.3178421294867191,287,0,0,0,1435,1435
136,0.765625,0.765625,0.7019077944426887,0.537274644681619,0.0,84,84,24,0.8958333333333334,1.0,1.0,0.30685281944005494,0.30685281944005516,0.6061820446128979,0.4598047194526616,0.3178421294867191,191,0,0,0,955,955
137,0.8333333333333334,0.8333333333333334,0.6935744611093552,0.3671625474122363,0.0,32,64,0,0.8541666666666666,1.0,1.0,0.3068528194400544,0.3068528194400548,0.6061820446128979,0.4598047194526616,0.8333333333333334,95,0,0,0,475,475
138,0.7414772727272727,0.7414772727272727,0.7074002186851128,0.537274644681619,0.0,132,172,48,0.9232954545454546,1.0,1.0,0.30685281944005505,0.30685281944005427,0.6061820446128979,0.4598047194526616,0.3178421294867191,351,0,0,0,1755,1755
139,0.16666666666666663,0.16666666666666663,0.7019077944426887,0.537274644681619,0.0,20,16,156,0.8958333333333334,1.0,1.0,0.30685281944005494,0.30685281944005516,0.6061820446128979,0.4598047194526616,0.3178421294867191,191,0,0,0,955,955
140,0.8697916666666666,0.8697916666666666,0.7081577944426887,0.537274644681619,0.0,208,168,8,0.9270833333333334,1.0,1.0,0.30685281944005494,0.30685281944005494,0.6061820446128979,0.4598047194526616,0.3178421294867191,383,0,0,0,1915,1915
141,0.6822916666666667,0.6822916666666667,0.7019077944426887,0.537274644681619,0.0,92,52,48,0.8958333333333334,1.0,1.0,0.30685281944005494,0.30685281944005516,0.6061820446128979,0.4598047194526616,0.3178421294867191,191,0,0,0,955,955
142,0.2102272727272727,0.2102272727272727,0.7074002186851128,0.537274644681619,0.0,44,40,268,0.9232954545454546,1.0,1.0,0.30685281944005505,0.30685281944005427,0.6061820446128979,0.4598047194526616,0.3178421294867191,351,0,0,0,1755,1755
143,0.6510416666666667,0.6510416666666667,0.7019077944426887,0.537274644681619,0.0,68,76,48,0.8958333333333334,1.0,1.0,0.30685281944005494,0.30685281944005516,0.6061820446128979,0.4598047194526616,0.3178421294867191,191,0,0,0,955,955
144,0.875,0.875,0.7019077944426887,0.3671625474122363,0.0,96,96,0,0.8958333333333334,1.0,1.0,0.30685281944005494,0.30685281944005516,0.6061820446128979,0.4598047194526616,0.8333333333333334,191,0,0,0,955,955
145,0.8203125,0.8203125,0.704772377776022,0.537274644681619,0.0,144,88,24,0.91015625,1.0,1.0,0.3068528194400547,0.30685281944005494,0.6061820446128979,0.4598047194526616,0.3178421294867191,255,0,0,0,1275,1275
146,0.8125,0.8125,0.704772377776022,0.537274644681619,0.0,148,80,28,0.91015625,1.0,1.0,0.3068528194400547,0.30685281944005494,0.6061820446128979,0.4598047194526616,0.3178421294867191,255,0,0,0,1275,1275
147,0.9409722222222222,0.9409722222222222,0.7060744611093551,0.3671625474122363,0.0,220,68,0,0.9166666666666666,1.0,1.0,0.3068528194400544,0.3068528194400545,0.6061820446128979,0.4598047194526616,0.8333333333333334,287,0,0,0,1435,1435
148,0.765625,0.765625,0.7019077944426887,0.537274644681619,0.0,84,84,24,0.8958333333333334,1.0,1.0,0.30685281944005494,0.30685281944005516,0.6061820446128979,0.4598047194526616,0.3178421294867191,191,0,0,0,955,955
149,0.33854166666666663,0.33854166666666663,0.7019077944426887,0.537274644681619,0.0,20,60,112,0.8958333333333334,1.0,1.0,0.30685281944005494,0.30685281944005516,0.6061820446128979,0.4598047194526616,0.3178421294867191,191,0,0,0,955,955
150,0.25,0.25,0.7039911277760218,0.41401020210099737,0.0,56,0,168,0.90625,1.0,1.0,0.3068528194400546,0.30685281944005427,0.6061820446128979,0.8333333333333334,0.3178421294867191,223,0,0,0,1115,1115
151,0.28125,0.28125,0.6977411277760218,0.46004320651667097,0.0,0,48,80,0.875,1.0,1.0,0.3068528194400548,0.3068528194400545,0.8333333333333334,0.4598047194526616,0.3178421294867191,127,0,0,0,635,635
152,0.90625,0.90625,0.704772377776022,0.537274644681619,0.0,196,48,12,0.91015625,1.0,1.0,0.3068528194400547,0.30685281944005494,0.6061820446128979,0.4598047194526616,0.3178421294867191,255,0,0,0,1275,1275
153,0.890625,0.890625,0.704772377776022,0.3671625474122363,0.0,144,112,0,0.91015625,1.0,1.0,0.3068528194400547,0.30685281944005494,0.6061820446128979,0.4598047194526616,0.8333333333333334,255,0,0,0,1275,1275
154,0.8607954545454546,0.8607954545454546,0.7074002186851128,0.537274644681619,0.0,204,132,16,0.9232954545454546,1.0,1.0,0.30685281944005505,0.30685281944005427,0.6061820446128979,0.4598047194526616,0.3178421294867191,351,0,0,0,1755,1755
155,0.8229166666666666,0.8229166666666666,0.7060744611093551,0.537274644681619,0.0,108,172,8,0.9166666666666666,1.0,1.0,0.3068528194400544,0.3068528194400545,0.6061820446128979,0.4598047194526616,0.3178421294867191,287,0,0,0,1435,1435
156,0.7734375,0.7734375,0.704772377776022,0.537274644681619,0.0,132,88,36,0.91015625,1.0,1.0,0.3068528194400547,0.30685281944005494,0.6061820446128979,0.4598047194526616,0.3178421294867191,255,0,0,0,1275,1275
157,0.0,0.0,0.7081577944426887,0.3367787639360492,0.0,0,0,384,0.9270833333333334,1.0,1.0,0.30685281944005494,0.30685281944005494,0.8333333333333334,0.8333333333333334,0.3178421294867191,383,0,0,0,1915,1915
158,0.59375,0.59375,0.7019077944426887,0.537274644681619,0.0,72,56,64,0.8958333333333334,1.0,1.0,0.30685281944005494,0.30685281944005516,0.6061820446128979,0.4598047194526616,0.3178421294867191,191,0,0,0,955,955
159,0.17708333333333337,0.17708333333333337,0.7019077944426887,0.537274644681619,0.0,16,24,152,0.8958333333333334,1.0,1.0,0.30685281944005494,0.30685281944005516,0.6061820446128979,0.4598047194526616,0.3178421294867191,191,0,0,0,955,955
160,0.7232142857142857,0.7232142857142857,0.7039911277760218,0.537274644681619,0.0,120,56,48,0.90625,1.0,1.0,0.3068528194400546,0.30685281944005427,0.6061820446128979,0.4598047194526616,0.3178421294867191,223,0,0,0,1115,1115
161,0.0,0.0,0.7019077944426887,0.3367787639360492,0.0,0,0,192,0.8958333333333334,1.0,1.0,0.30685281944005494,0.30685281944005516,0.8333333333333334,0.8333333333333334,0.3178421294867191,191,0,0,0,955,955
162,0.15234375,0.15234375,0.704772377776022,0.537274644681619,0.0,24,20,212,0.91015625,1.0,1.0,0.3068528194400547,0.30685281944005494,0.6061820446128979,0.4598047194526616,0.3178421294867191,255,0,0,0,1275,1275
163,0.875,0.875,0.7002411277760219,0.3671625474122363,0.0,80,80,0,0.8875,1.0,1.0,0.3068528194400546,0.3068528194400547,0.6061820446128979,0.4598047194526616,0.8333333333333334,159,0,0,0,795,795
164,0.6770833333333333,0.6770833333333333,0.7019077944426887,0.537274644681619,0.0,76,72,44,0.8958333333333334,1.0,1.0,0.30685281944005494,0.30685281944005516,0.6061820446128979,0.4598047194526616,0.3178421294867191,191,0,0,0,955,955
165,0.8625,0.8625,0.7002411277760219,0.537274644681619,0.0,96,56,8,0.8875,1.0,1.0,0.3068528194400546,0.3068528194400547,0.6061820446128979,0.4598047194526616,0.3178421294867191,159,0,0,0,795,795
166,0.840625,0.840625,0.7071161277760218,0.3671625474122363,0.0,116,204,0,0.921875,1.0,1.0,0.3068528194400544,0.3068528194400544,0.6061820446128979,0.4598047194526616,0.8333333333333334,319,0,0,0,1595,1595
167,0.8229166666666666,0.8229166666666666,0.7019077944426887,0.537274644681619,0.0,80,104,8,0.8958333333333334,1.0,1.0,0.30685281944005494,0.30685281944005516,0.6061820446128979,0.4598047194526616,0.3178421294867191,191,0,0,0,955,955
168,0.31875,0.31875,0.7002411277760219,0.537274644681619,0.0,24,36,100,0.8875,1.0,1.0,0.3068528194400546,0.3068528194400547,0.6061820446128979,0.4598047194526616,0.3178421294867191,159,0,0,0,795,795
169,0.06562500000000004,0.06562500000000004,0.7071161277760218,0.46004320651667097,0.0,0,28,292,0.921875,1.0,1.0,0.3068528194400544,0.3068528194400544,0.8333333333333334,0.4598047194526616,0.3178421294867191,319,0,0,0,1595,1595
170,0.26041666666666663,0.26041666666666663,0.7019077944426887,0.537274644681619,0.0,20,40,132,0.8958333333333334,1.0,1.0,0.30685281944005494,0.30685281944005516,0.6061820446128979,0.4598047194526616,0.3178421294867191,191,0,0,0,955,955
171,0.625,0.625,0.7002411277760219,0.537274644681619,0.0,88,16,56,0.8875,1.0,1.0,0.3068528194400546,0.3068528194400547,0.6061820446128979,0.4598047194526616,0.3178421294867191,159,0,0,0,795,795
172,0.78515625,0.78515625,0.704772377776022,0.537274644681619,0.0,132,92,32,0.91015625,1.0,1.0,0.3068528194400547,0.30685281944005494,0.6061820446128979,0.4598047194526616,0.3178421294867191,255,0,0,0,1275,1275
173,0.15104166666666663,0.15104166666666663,0.7019077944426887,0.537274644681619,0.0,8,28,156,0.8958333333333334,1.0,1.0,0.30685281944005494,0.30685281944005516,0.6061820446128979,0.4598047194526616,0.3178421294867191,191,0,0,0,955,955
174,0.9140625,0.9140625,0.6977411277760218,0.3671625474122363,0.0,84,44,0,0.875,1.0,1.0,0.3068528194400548,0.3068528194400545,0.6061820446128979,0.4598047194526616,0.8333333333333334,127,0,0,0,635,635
175,0.8958333333333334,0.8958333333333334,0.6935744611093552,0.537274644681619,0.0,80,8,8,0.8541666666666666,1.0,1.0,0.3068528194400544,0.3068528194400548,0.6061820446128979,0.4598047194526616,0.3178421294867191,95,0,0,0,475,475
176,0.296875,0.296875,0.704772377776022,0.537274644681619,0.0,4,96,156,0.91015625,1.0,1.0,0.3068528194400547,0.30685281944005494,0.6061820446128979,0.4598047194526616,0.3178421294867191,255,0,0,0,1275,1275
177,0.6666666666666667,0.6666666666666667,0.7019077944426887,0.537274644681619,0.0,80,64,48,0.8958333333333334,1.0,1.0,0.30685281944005494,0.30685281944005516,0.6061820446128979,0.4598047194526616,0.3178421294867191,191,0,0,0,955,955
178,0.6145833333333333,0.6145833333333333,0.7019077944426887,0.537274644681619,0.0,64,72,56,0.8958333333333334,1.0,1.0,0.30685281944005494,0.30685281944005516,0.6061820446128979,0.4598047194526616,0.3178421294867191,191,0,0,0,955,955
179,0.859375,0.859375,0.7019077944426887,0.537274644681619,0.0,96,92,4,0.8958333333333334,1.0,1.0,0.30685281944005494,0.30685281944005516,0.6061820446128979,0.4598047194526616,0.3178421294867191,191,0,0,0,955,955
180,0.4732142857142857,0.4732142857142857,0.7039911277760218,0.537274644681619,0.0,64,56,104,0.90625,1.0,1.0,0.3068528194400546,0.30685281944005427,0.6061820446128979,0.4598047194526616,0.3178421294867191,223,0,0,0,1115,1115
181,0.0,0.0,0.7071161277760218,0.3367787639360492,0.0,0,0,320,0.921875,1.0,1.0,0.3068528194400544,0.3068528194400544,0.8333333333333334,0.8333333333333334,0.3178421294867191,319,0,0,0,1595,1595
182,0.909375,0.909375,0.7071161277760218,0.3671625474122363,0.0,204,116,0,0.921875,1.0,1.0,0.3068528194400544,0.3068528194400544,0.6061820446128979,0.4598047194526616,0.8333333333333334,319,0,0,0,1595,1595
183,0.24305555555555558,0.24305555555555558,0.7060744611093551,0.537274644681619,0.0,16,72,200,0.9166666666666666,1.0,1.0,0.3068528194400544,0.3068528194400545,0.6061820446128979,0.4598047194526616,0.3178421294867191,287,0,0,0,1435,1435
184,0.203125,0.203125,0.7019077944426887,0.537274644681619,0.0,36,4,152,0.8958333333333334,1.0,1.0,0.30685281944005494,0.30685281944005516,0.6061820446128979,0.4598047194526616,0.3178421294867191,191,0,0,0,955,955
185,0.7708333333333334,0.7708333333333334,0.7019077944426887,0.537274644681619,0.0,76,96,20,0.8958333333333334,1.0,1.0,0.30685281944005494,0.30685281944005516,0.6061820446128979,0.4598047194526616,0.3178421294867191,191,0,0,0,955,955
186,0.8645833333333334,0.8645833333333334,0.7019077944426887,0.537274644681619,0.0,112,72,8,0.8958333333333334,1.0,1.0,0.30685281944005494,0.30685281944005516,0.6061820446128979,0.4598047194526616,0.3178421294867191,191,0,0,0,955,955
187,0.7430555555555556,0.7430555555555556,0.7060744611093551,0.537274644681619,0.0,112,136,40,0.9166666666666666,1.0,1.0,0.3068528194400544,0.3068528194400545,0.6061820446128979,0.4598047194526616,0.3178421294867191,287,0,0,0,1435,1435
188,0.1116071428571429,0.1116071428571429,0.7039911277760218,0.537274644681619,0.0,4,28,192,0.90625,1.0,1.0,0.3068528194400546,0.30685281944005427,0.6061820446128979,0.4598047194526616,0.3178421294867191,223,0,0,0,1115,1115
189,0.5364583333333333,0.5364583333333333,0.7019077944426887,0.537274644681619,0.0,52,68,72,0.8958333333333334,1.0,1.0,0.30685281944005494,0.30685281944005516,0.6061820446128979,0.4598047194526616,0.3178421294867191,191,0,0,0,955,955
190,0.1647727272727273,0.1647727272727273,0.7074002186851128,0.537274644681619,0.0,40,24,288,0.9232954545454546,1.0,1.0,0.30685281944005505,0.30685281944005427,0.6061820446128979,0.4598047194526616,0.3178421294867191,351,0,0,0,1755,1755
191,0.34943181818181823,0.34943181818181823,0.7074002186851128,0.46004320651667097,0.0,0,164,188,0.9232954545454546,1.0,1.0,0.30685281944005505,0.30685281944005427,0.8333333333333334,0.4598047194526616,0.3178421294867191,351,0,0,0,1755,1755
192,0.25520833333333337,0.25520833333333337,0.7019077944426887,0.537274644681619,0.0,28,28,136,0.8958333333333334,1.0,1.0,0.30685281944005494,0.30685281944005516,0.6061820446128979,0.4598047194526616,0.3178421294867191,191,0,0,0,955,955
193,0.30208333333333337,0.30208333333333337,0.7019077944426887,0.537274644681619,0.0,40,24,128,0.8958333333333334,1.0,1.0,0.30685281944005494,0.30685281944005516,0.6061820446128979,0.4598047194526616,0.3178421294867191,191,0,0,0,955,955
194,0.9125,0.9125,0.7071161277760218,0.3671625474122363,0.0,208,112,0,0.921875,1.0,1.0,0.3068528194400544,0.3068528194400544,0.6061820446128979,0.4598047194526616,0.8333333333333334,319,0,0,0,1595,1595
195,0.0,0.0,0.6935744611093552,0.3367787639360492,0.0,0,0,96,0.8541666666666666,1.0,1.0,0.3068528194400544,0.3068528194400548,0.8333333333333334,0.8333333333333334,0.3178421294867191,95,0,0,0,475,475
196,0.9431818181818182,0.9431818181818182,0.7074002186851128,0.3671625474122363,0.0,272,80,0,0.9232954545454546,1.0,1.0,0.30685281944005505,0.30685281944005427,0.6061820446128979,0.4598047194526616,0.8333333333333334,351,0,0,0,1755,1755
197,0.8194444444444444,0.8194444444444444,0.7060744611093551,0.3671625474122363,0.0,80,208,0,0.9166666666666666,1.0,1.0,0.3068528194400544,0.3068528194400545,0.6061820446128979,0.4598047194526616,0.8333333333333334,287,0,0,0,1435,1435
198,0.7552083333333334,0.7552083333333334,0.7019077944426887,0.537274644681619,0.0,100,60,32,0.8958333333333334,1.0,1.0,0.30685281944005494,0.30685281944005516,0.6061820446128979,0.4598047194526616,0.3178421294867191,191,0,0,0,955,955
199,0.8828125,0.8828125,0.7081577944426887,0.3671625474122363,0.0,204,180,0,0.9270833333333334,1.0,1.0,0.30685281944005494,0.30685281944005494,0.6061820446128979,0.4598047194526616,0.8333333333333334,383,0,0,0,1915,1915
200,0.203125,0.203125,0.7019077944426887,0.46004320651667097,0.0,0,52,140,0.8958333333333334,1.0,1.0,0.30685281944005494,0.30685281944005516,0.8333333333333334,0.4598047194526616,0.3178421294867191,191,0,0,0,955,955
201,0.9661458333333334,0.9661458333333334,0.7081577944426887,0.3671625474122363,0.0,332,52,0,0.9270833333333334,1.0,1.0,0.30685281944005494,0.30685281944005494,0.6061820446128979,0.4598047194526616,0.8333333333333334,383,0,0,0,1915,1915
202,0.8854166666666666,0.8854166666666666,0.7019077944426887,0.537274644681619,0.0,128,56,8,0.8958333333333334,1.0,1.0,0.30685281944005494,0.30685281944005516,0.6061820446128979,0.4598047194526616,0.3178421294867191,191,0,0,0,955,955
203,0.09375,0.09375,0.704772377776022,0.46004320651667097,0.0,0,32,224,0.91015625,1.0,1.0,0.3068528194400547,0.30685281944005494,0.8333333333333334,0.4598047194526616,0.3178421294867191,255,0,0,0,1275,1275
204,0.23750000000000004,0.23750000000000004,0.7002411277760219,0.537274644681619,0.0,20,24,116,0.8875,1.0,1.0,0.3068528194400546,0.3068528194400547,0.6061820446128979,0.4598047194526616,0.3178421294867191,159,0,0,0,795,795
205,0.8072916666666666,0.8072916666666666,0.7019077944426887,0.537274644681619,0.0,128,36,28,0.8958333333333334,1.0,1.0,0.30685281944005494,0.30685281944005516,0.6061820446128979,0.4598047194526616,0.3178421294867191,191,0,0,0,955,955
206,0.140625,0.140625,0.6977411277760218,0.46004320651667097,0.0,0,24,104,0.875,1.0,1.0,0.3068528194400548,0.3068528194400545,0.8333333333333334,0.4598047194526616,0.3178421294867191,127,0,0,0,635,635
207,0.6785714285714286,0.6785714285714286,0.7039911277760218,0.537274644681619,0.0,80,96,48,0.90625,1.0,1.0,0.3068528194400546,0.30685281944005427,0.6061820446128979,0.4598047194526616,0.3178421294867191,223,0,0,0,1115,1115
208,0.5416666666666667,0.5416666666666667,0.7019077944426887,0.537274644681619,0.0,68,48,76,0.8958333333333334,1.0,1.0,0.30685281944005494,0.30685281944005516,0.6061820446128979,0.4598047194526616,0.3178421294867191,191,0,0,0,955,955
209,0.6931818181818181,0.6931818181818181,0.7074002186851128,0.537274644681619,0.0,16,304,32,0.9232954545454546,1.0,1.0,0.30685281944005505,0.30685281944005427,0.6061820446128979,0.4598047194526616,0.3178421294867191,351,0,0,0,1755,1755
210,0.84375,0.84375,0.7019077944426887,0.537274644681619,0.0,108,72,12,0.8958333333333334,1.0,1.0,0.30685281944005494,0.30685281944005516,0.6061820446128979,0.4598047194526616,0.3178421294867191,191,0,0,0,955,955
211,0.0,0.0,0.7098244611093552,0.3367787639360492,0.0,0,0,480,0.9354166666666667,1.0,1.0,0.3068528194400545,0.3068528194400545,0.8333333333333334,0.8333333333333334,0.3178421294867191,479,0,0,0,2395,2395
212,0.890625,0.890625,0.6977411277760218,0.537274644681619,0.0,84,40,4,0.875,1.0,1.0,0.3068528194400548,0.3068528194400545,0.6061820446128979,0.4598047194526616,0.3178421294867191,127,0,0,0,635,635
213,0.8541666666666666,0.8541666666666666,0.7060744611093551,0.537274644681619,0.0,168,104,16,0.9166666666666666,1.0,1.0,0.3068528194400544,0.3068528194400545,0.6061820446128979,0.4598047194526616,0.3178421294867191,287,0,0,0,1435,1435
214,0.3258928571428571,0.3258928571428571,0.7039911277760218,0.537274644681619,0.0,52,28,144,0.90625,1.0,1.0,0.3068528194400546,0.30685281944005427,0.6061820446128979,0.4598047194526616,0.3178421294867191,223,0,0,0,1115,1115
215,0.671875,0.671875,0.6977411277760218,0.537274644681619,0.0,56,40,32,0.875,1.0,1.0,0.3068528194400548,0.3068528194400545,0.6061820446128979,0.4598047194526616,0.3178421294867191,127,0,0,0,635,635
216,0.23958333333333337,0.23958333333333337,0.7019077944426887,0.537274644681619,0.0,16,40,136,0.8958333333333334,1.0,1.0,0.30685281944005494,0.30685281944005516,0.6061820446128979,0.4598047194526616,0.3178421294867191,191,0,0,0,955,955
217,0.5625,0.5625,0.7019077944426887,0.537274644681619,0.0,48,80,64,0.8958333333333334,1.0,1.0,0.30685281944005494,0.30685281944005516,0.6061820446128979,0.4598047194526616,0.3178421294867191,191,0,0,0,955,955
218,0.4375,0.4375,0.7019077944426887,0.537274644681619,0.0,48,48,96,0.8958333333333334,1.0,1.0,0.30685281944005494,0.30685281944005516,0.6061820446128979,0.4598047194526616,0.3178421294867191,191,0,0,0,955,955
219,0.08333333333333337,0.08333333333333337,0.6935744611093552,0.41401020210099737,0.0,8,0,88,0.8541666666666666,1.0,1.0,0.3068528194400544,0.3068528194400548,0.6061820446128979,0.8333333333333334,0.3178421294867191,95,0,0,0,475,475
220,0.859375,0.859375,0.704772377776022,0.3671625474122363,0.0,112,144,0,0.91015625,1.0,1.0,0.3068528194400547,0.30685281944005494,0.6061820446128979,0.4598047194526616,0.8333333333333334,255,0,0,0,1275,1275
221,0.896875,0.896875,0.7071161277760218,0.3671625474122363,0.0,188,132,0,0.921875,1.0,1.0,0.3068528194400544,0.3068528194400544,0.6061820446128979,0.4598047194526616,0.8333333333333334,319,0,0,0,1595,1595
222,0.44270833333333337,0.44270833333333337,0.7019077944426887,0.537274644681619,0.0,40,60,92,0.8958333333333334,1.0,1.0,0.30685281944005494,0.30685281944005516,0.6061820446128979,0.4598047194526616,0.3178421294867191,191,0,0,0,955,955
223,0.19921875,0.19921875,0.704772377776022,0.537274644681619,0.0,12,52,192,0.91015625,1.0,1.0,0.3068528194400547,0.30685281944005494,0.6061820446128979,0.4598047194526616,0.3178421294867191,255,0,0,0,1275,1275
224,0.453125,0.453125,0.7019077944426887,0.537274644681619,0.0,48,52,92,0.8958333333333334,1.0,1.0,0.30685281944005494,0.30685281944005516,0.6061820446128979,0.4598047194526616,0.3178421294867191,191,0,0,0,955,955
225,0.0,0.0,0.7074002186851128,0.3367787639360492,0.0,0,0,352,0.9232954545454546,1.0,1.0,0.30685281944005505,0.30685281944005427,0.8333333333333334,0.8333333333333334,0.3178421294867191,351,0,0,0,1755,1755
226,0.5,0.5,0.7019077944426887,0.537274644681619,0.0,60,48,84,0.8958333333333334,1.0,1.0,0.30685281944005494,0.30685281944005516,0.6061820446128979,0.4598047194526616,0.3178421294867191,191,0,0,0,955,955
227,0.25,0.25,0.7019077944426887,0.537274644681619,0.0,36,16,140,0.8958333333333334,1.0,1.0,0.30685281944005494,0.30685281944005516,0.6061820446128979,0.4598047194526616,0.3178421294867191,191,0,0,0,955,955
228,0.3194444444444444,0.3194444444444444,0.7060744611093551,0.537274644681619,0.0,80,16,192,0.9166666666666666,1.0,1.0,0.3068528194400544,0.3068528194400545,0.6061820446128979,0.4598047194526616,0.3178421294867191,287,0,0,0,1435,1435
229,0.775,0.775,0.7071161277760218,0.3671625474122363,0.0,32,288,0,0.921875,1.0,1.0,0.3068528194400544,0.3068528194400544,0.6061820446128979,0.4598047194526616,0.8333333333333334,319,0,0,0,1595,1595
230,0.75390625,0.75390625,0.704772377776022,0.537274644681619,0.0,124,92,40,0.91015625,1.0,1.0,0.3068528194400547,0.30685281944005494,0.6061820446128979,0.4598047194526616,0.3178421294867191,255,0,0,0,1275,1275
231,0.28125,0.28125,0.6977411277760218,0.537274644681619,0.0,12,32,84,0.875,1.0,1.0,0.3068528194400548,0.3068528194400545,0.6061820446128979,0.4598047194526616,0.3178421294867191,127,0,0,0,635,635
232,0.8693181818181819,0.8693181818181819,0.7074002186851128,0.537274644681619,0.0,240,88,24,0.9232954545454546,1.0,1.0,0.30685281944005505,0.30685281944005427,0.6061820446128979,0.4598047194526616,0.3178421294867191,351,0,0,0,1755,1755
233,0.03749999999999998,0.03749999999999998,0.7071161277760218,0.46004320651667097,0.0,0,16,304,0.921875,1.0,1.0,0.3068528194400544,0.3068528194400544,0.8333333333333334,0.4598047194526616,0.3178421294867191,319,0,0,0,1595,1595
234,0.11328125,0.11328125,0.704772377776022,0.537274644681619,0.0,20,12,224,0.91015625,1.0,1.0,0.3068528194400547,0.30685281944005494,0.6061820446128979,0.4598047194526616,0.3178421294867191,255,0,0,0,1275,1275
235,0.7291666666666667,0.7291666666666667,0.7019077944426887,0.537274644681619,0.0,80,80,32,0.8958333333333334,1.0,1.0,0.30685281944005494,0.30685281944005516,0.6061820446128979,0.4598047194526616,0.3178421294867191,191,0,0,0,955,955
236,0.6607142857142857,0.6607142857142857,0.7039911277760218,0.537274644681619,0.0,64,112,48,0.90625,1.0,1.0,0.3068528194400546,0.30685281944005427,0.6061820446128979,0.4598047194526616,0.3178421294867191,223,0,0,0,1115,1115
237,0.34895833333333337,0.34895833333333337,0.7019077944426887,0.537274644681619,0.0,28,52,112,0.8958333333333334,1.0,1.0,0.30685281944005494,0.30685281944005516,0.6061820446128979,0.4598047194526616,0.3178421294867191,191,0,0,0,955,955
238,0.8875,0.8875,0.7002411277760219,0.3671625474122363,0.0,88,72,0,0.8875,1.0,1.0,0.3068528194400546,0.3068528194400547,0.6061820446128979,0.4598047194526616,0.8333333333333334,159,0,0,0,795,795
239,0.0,0.0,0.7002411277760219,0.3367787639360492,0.0,0,0,160,0.8875,1.0,1.0,0.3068528194400546,0.3068528194400547,0.8333333333333334,0.8333333333333334,0.3178421294867191,159,0,0,0,795,795
240,0.09090909090909094,0.09090909090909094,0.7074002186851128,0.537274644681619,0.0,20,16,316,0.9232954545454546,1.0,1.0,0.30685281944005505,0.30685281944005427,0.6061820446128979,0.4598047194526616,0.3178421294867191,351,0,0,0,1755,1755
241,0.84375,0.84375,0.6977411277760218,0.537274644681619,0.0,84,32,12,0.875,1.0,1.0,0.3068528194400548,0.3068528194400545,0.6061820446128979,0.4598047194526616,0.3178421294867191,127,0,0,0,635,635
242,0.6590909090909092,0.6590909090909092,0.7074002186851128,0.537274644681619,0.0,100,176,76,0.9232954545454546,1.0,1.0,0.30685281944005505,0.30685281944005427,0.6061820446128979,0.4598047194526616,0.3178421294867191,351,0,0,0,1755,1755
243,0.25,0.25,0.7019077944426887,0.537274644681619,0.0,24,32,136,0.8958333333333334,1.0,1.0,0.30685281944005494,0.30685281944005516,0.6061820446128979,0.4598047194526616,0.3178421294867191,191,0,0,0,955,955
244,0.6923076923076923,0.6923076923076923,0.7087988200837142,0.537274644681619,0.0,156,176,84,0.9302884615384616,1.0,1.0,0.30685281944005416,0.30685281944005494,0.6061820446128979,0.4598047194526616,0.3178421294867191,415,0,0,0,2075,2075
245,0.75,0.75,0.7019077944426887,0.537274644681619,0.0,84,80,28,0.8958333333333334,1.0,1.0,0.30685281944005494,0.30685281944005516,0.6061820446128979,0.4598047194526616,0.3178421294867191,191,0,0,0,955,955
246,0.3214285714285714,0.3214285714285714,0.7039911277760218,0.537274644681619,0.0,48,32,144,0.90625,1.0,1.0,0.3068528194400546,0.30685281944005427,0.6061820446128979,0.4598047194526616,0.3178421294867191,223,0,0,0,1115,1115
247,0.875,0.875,0.704772377776022,0.537274644681619,0.0,152,96,8,0.91015625,1.0,1.0,0.3068528194400547,0.30685281944005494,0.6061820446128979,0.4598047194526616,0.3178421294867191,255,0,0,0,1275,1275
248,0.8794642857142857,0.8794642857142857,0.7039911277760218,0.537274644681619,0.0,128,92,4,0.90625,1.0,1.0,0.3068528194400546,0.30685281944005427,0.6061820446128979,0.4598047194526616,0.3178421294867191,223,0,0,0,1115,1115
249,0.7534722222222222,0.7534722222222222,0.7060744611093551,0.537274644681619,0.0,136,108,44,0.9166666666666666,1.0,1.0,0.3068528194400544,0.3068528194400545,0.6061820446128979,0.4598047194526616,0.3178421294867191,287,0,0,0,1435,1435
250,0.59375,0.59375,0.7019077944426887,0.537274644681619,0.0,84,40,68,0.8958333333333334,1.0,1.0,0.30685281944005494,0.30685281944005516,0.6061820446128979,0.4598047194526616,0.3178421294867191,191,0,0,0,955,955
251,0.8303571428571428,0.8303571428571428,0.7039911277760218,0.537274644681619,0.0,120,88,16,0.90625,1.0,1.0,0.3068528194400546,0.30685281944005427,0.6061820446128979,0.4598047194526616,0.3178421294867191,223,0,0,0,1115,1115
252,0.8229166666666666,0.8229166666666666,0.7019077944426887,0.537274644681619,0.0,116,56,20,0.8958333333333334,1.0,1.0,0.30685281944005494,0.30685281944005516,0.6061820446128979,0.4598047194526616,0.3178421294867191,191,0,0,0,955,955
253,0.10416666666666663,0.10416666666666663,0.7019077944426887,0.41401020210099737,0.0,20,0,172,0.8958333333333334,1.0,1.0,0.30685281944005494,0.30685281944005516,0.6061820446128979,0.8333333333333334,0.3178421294867191,191,0,0,0,955,955
254,0.8359375,0.8359375,0.704772377776022,0.537274644681619,0.0,160,72,24,0.91015625,1.0,1.0,0.3068528194400547,0.30685281944005494,0.6061820446128979,0.4598047194526616,0.3178421294867191,255,0,0,0,1275,1275
255,0.875,0.875,0.7081577944426887,0.3671625474122363,0.0,192,192,0,0.9270833333333334,1.0,1.0,0.30685281944005494,0.30685281944005494,0.6061820446128979,0.4598047194526616,0.8333333333333334,383,0,0,0,1915,1915
256,0.22916666666666663,0.22916666666666663,0.7019077944426887,0.41401020210099737,0.0,44,0,148,0.8958333333333334,1.0,1.0,0.30685281944005494,0.30685281944005516,0.6061820446128979,0.8333333333333334,0.3178421294867191,191,0,0,0,955,955
257,0.5833333333333333,0.5833333333333333,0.7019077944426887,0.537274644681619,0.0,76,48,68,0.8958333333333334,1.0,1.0,0.30685281944005494,0.30685281944005516,0.6061820446128979,0.4598047194526616,0.3178421294867191,191,0,0,0,955,955
